years_maddison,gdppc_maddison2016,years_broadberry,gdppc_broadberry,years_TED,gdppc_TED,years_q1,gdppc_q1,years_q2,gdppc_q2
1,800.00,1300.00,1482.00,1950,3501.900011,1.00,800,1,800
1300,1619.95,1348.00,1376.00,1951,3738.49593,2.00,800.6298669,1310,1708.621619
1348,1515.43,1400.00,1601.00,1952,3997.419544,3.00,801.2597338,1311,1676.353846
1400,1750.59,1450.00,1668.00,1953,4259.816085,4.00,801.8896007,1312,1689.868602
1500,1532.85,1500.00,1403.00,1954,4449.036212,5.00,802.5194676,1313,1691.335324
1570,1458.82,1570.00,1337.00,1955,4675.61121,6.00,803.1493346,1314,1709.669294
1600,1363.02,1600.00,1244.00,1956,4858.83363,7.00,803.7792015,1315,1737.64169
1650,1397.86,1650.00,1271.00,1957,5118.376642,8.00,804.4090684,1316,1739.108412
1700,1476.24,1700.00,1350.00,1958,5360.012936,9.00,805.0389353,1317,1704.431033
1750,1532.85,1750.00,1403.00,1959,5653.134532,10.00,805.6688022,1318,1705.897755
1800,1363.02,1800.00,1244.00,1960,5916.239023,11.00,806.2986691,1319,1724.231724
1801,1345.60,1820.00,1376.00,1961,6373.151344,12.00,806.928536,1320,1701.602378
1802,1389.15,1850.00,1350.00,1962,6826.8323,13.00,807.5584029,1321,1712.707527
1803,1428.34,,,1963,7262.389572,14.00,808.1882699,1322,1668.391721
1804,1489.31,,,1964,7487.044624,15.00,808.8181368,1323,1643.352768
1805,1441.40,,,1965,7598.423455,16.00,809.4480037,1324,1664.096344
1806,1476.24,,,1966,7942.409558,17.00,810.0778706,1325,1692.068741
1807,1480.60,,,1967,8453.702596,18.00,810.7077375,1326,1700.764283
1808,1563.34,,,1968,9105.358713,19.00,811.3376044,1327,1680.544544
1809,1572.05,,,1969,9566.385956,20.00,811.9674713,1328,1660.324805
1810,1450.11,,,1970,9718.511175,21.00,812.5973382,1329,1616.008998
1811,1402.21,,,1971,9839.460796,22.00,813.2272052,1330,1622.294934
1812,1432.70,,,1972,10060.28375,23.00,813.8570721,1331,1681.592219
1813,1471.89,,,1973,10634.06153,24.00,814.486939,1332,1704.745402
1814,1489.31,,,1974,11046.19453,25.00,815.1168059,1333,1667.658416
1815,1423.99,,,1975,10741.8689,26.00,815.7466728,1334,1659.486711
1816,1402.21,,,1976,11385.27342,27.00,816.3765397,1335,1656.134219
1817,1415.28,,,1977,11668.15572,28.00,817.0064066,1336,1679.287402
1818,1524.14,,,1978,12064.22964,29.00,817.6362735,1337,1702.440585
1819,1511.08,,,1979,12719.76456,30.00,818.2661405,1338,1689.449667
1820,1511.08,,,1980,13149.3818,31.00,818.8960074,1339,1654.772287
1821,1484.95,,,1981,13199.7017,32.00,819.5258743,1340,1685.15429
1822,1502.37,,,1982,13252.40243,33.00,820.1557412,1341,1732.403541
1823,1515.43,,,1983,13391.45811,34.00,820.7856081,1342,1700.135768
1824,1554.63,,,1984,13719.271,35.00,821.415475,1343,1629.314287
1825,1532.85,,,1985,14096.24314,36.00,822.0453419,1344,1630.781009
1826,1576.40,,,1986,14495.83003,37.00,822.6752088,1345,1651.524585
1827,1550.27,,,1987,14945.78598,38.00,823.3050758,1346,1614.437599
1828,1532.85,,,1988,15522.80081,39.00,823.9349427,1347,1635.181175
1829,1528.50,,,1989,15969.20091,40.00,824.5648096,1348,1706.526494
1830,1506.73,,,1990,16313.12866,41.00,825.1946765,1349,1695.945182
1831,1558.98,,,1991,16563.71872,42.00,825.8245434,1350,1803.434603
1832,1572.05,,,1992,16644.90166,43.00,826.4544103,1351,1730.203514
1833,1580.76,,,1993,16451.60793,44.00,827.0842772,1352,1661.79164
1834,1593.82,,,1994,16772.71906,45.00,827.7141441,1353,1701.81207
1835,1637.37,,,1995,17227.87258,46.00,828.344011,1354,1749.061321
1836,1519.79,,,1996,17415.58442,47.00,828.973878,1355,1769.804898
1837,1480.60,,,1997,17708.43254,48.00,829.6037449,1356,1792.958081
1838,1502.37,,,1998,17971.44356,49.00,830.2336118,1357,1801.653623
1839,1489.31,,,1999,18223.75257,50.00,830.8634787,1358,1832.035627
1840,1537.21,,,2000,18857.73145,51.00,831.4933456,1359,1761.214145
1841,1567.69,,,2001,19143.33256,52.00,832.1232125,1360,1789.186542
1842,1580.76,,,2002,19142.78412,53.00,832.7530794,1361,1889.447142
1843,1502.37,,,2003,19086.52748,54.00,833.3829463,1362,1905.371505
1844,1502.37,,,2004,19262.99209,55.00,834.0128133,1363,1853.826878
1845,1515.43,,,2005,19339.92948,56.00,834.6426802,1364,1889.028095
1846,1502.37,,,2006,19649.76208,57.00,835.2725471,1365,1919.410098
1847,1467.53,,,2007,19821.04847,58.00,835.902414,1366,1855.817437
1848,1506.73,,,2008,19461.21412,59.00,836.5322809,1367,1886.19944
1849,1498.02,,,2009,18281.68899,60.00,837.1621478,1368,1752.728182
1850,1480.60,,,2010,18502.07174,61.00,837.7920147,1369,1763.833332
1851,1480.60,,,2011,18527.07405,62.00,838.4218816,1370,1558.07387
1852,1458.82,,,2012,17932.94898,63.00,839.0517486,1371,1605.323121
1853,1428.34,,,2013,17556.1,64.00,839.6816155,1372,1652.572372
1854,1332.54,,,2014,17439.74059,65.00,840.3114824,1373,1682.954375
1855,1345.60,,,2015,17522.48705,66.00,840.9413493,1374,1556.711938
1856,1349.96,,,2016,17636.72997,67.00,841.5712162,1375,1801.548945
1857,1458.82,,,2017,,68.00,842.2010831,1376,1711.450609
1858,1515.43,,,2018,,69.00,842.83095,1377,1741.832613
1859,1467.53,,,2019,,70.00,843.4608169,1378,1680.649558
1860,1458.82,,,2020,,71.00,844.0906839,1379,1658.020213
1861,1450.11,,,,,72.00,844.7205508,1380,1840.207444
1862,1468.95,,,,,73.00,845.3504177,1381,1793.48203
1863,1504.24,,,,,74.00,845.9802846,1382,1809.406393
1864,1506.40,,,,,75.00,846.6101515,1383,1753.042552
1865,1597.14,,,,,76.00,847.2400184,1384,1749.69006
1866,1594.48,,,,,77.00,847.8698853,1385,1770.433637
1867,1456.04,,,,,78.00,848.4997522,1386,1764.671538
1868,1485.63,,,,,79.00,849.1296191,1387,1843.245678
1869,1504.64,,,,,80.00,849.7594861,1388,1750.737735
1870,1541.75,,,,,81.00,850.389353,1389,1716.060355
1871,1507.55,,,,,82.00,851.0192199,1390,1736.803932
1872,1473.97,,,,,83.00,851.6490868,1391,1745.499474
1873,1466.21,,,,,84.00,852.2789537,1392,1713.231701
1874,1542.33,,,,,85.00,852.9088206,1393,1784.57702
1875,1550.12,,,,,86.00,853.5386875,1394,1887.247227
1876,1512.23,,,,,87.00,854.1685544,1395,1859.798668
1877,1521.93,,,,,88.00,854.7984214,1396,1832.350108
1878,1559.98,,,,,89.00,855.4282883,1397,1826.58801
1879,1564.48,,,,,90.00,856.0581552,1398,1808.777878
1880,1588.91,,,,,91.00,856.6880221,1399,1822.292634
1881,1636.91,,,,,92.00,857.317889,1400,1912.914807
1882,1656.96,,,,,93.00,857.9477559,1401,1924.019956
1883,1672.11,,,,,94.00,858.5776228,1402,1896.571397
1884,1646.78,,,,,95.00,859.2074897,1403,1992.012783
1885,1671.10,,,,,96.00,859.8373567,1404,1966.973831
1886,1707.58,,,,,97.00,860.4672236,1405,1872.056281
1887,1750.84,,,,,98.00,861.0970905,1406,1892.799858
1888,1741.75,,,,,99.00,861.7269574,1407,1862.941692
1889,1688.68,,,,,100.00,862.3568243,1408,1852.36038
1890,1689.66,,,,,101.00,862.9866912,1409,1861.055922
1891,1712.29,,,,,102.00,863.6165581,1410,1946.858882
1892,1714.22,,,,,103.00,864.246425,1411,1851.941332
1893,1741.10,,,,,104.00,864.876292,1412,1797.987098
1894,1750.85,,,,,105.00,865.5061589,1413,2122.34113
1895,1765.03,,,,,106.00,866.1360258,1414,2039.471614
1896,1791.42,,,,,107.00,866.7658927,1415,1944.554065
1897,1794.40,,,,,108.00,867.3957596,1416,1864.094156
1898,1787.22,,,,,109.00,868.0256265,1417,1896.885766
1899,1807.07,,,,,110.00,868.6554934,1418,1997.146367
1900,1854.69,,,,,111.00,869.2853603,1419,1957.649773
1901,1885.21,,,,,112.00,869.9152273,1420,1894.057112
1902,1915.14,,,,,113.00,870.5450942,1421,1975.040858
1903,1932.49,,,,,114.00,871.1749611,1422,2089.759099
1904,1966.44,,,,,115.00,871.804828,1423,2057.491326
1905,2006.75,,,,,116.00,872.4346949,1424,2109.559791
1906,2074.71,,,,,117.00,873.0645618,1425,2021.871062
1907,2111.64,,,,,118.00,873.6944287,1426,1999.241716
1908,2156.21,,,,,119.00,874.3242956,1427,2015.166079
1909,2173.42,,,,,120.00,874.9541625,1428,2129.88432
1910,2175.52,,,,,121.00,875.5840295,1429,2126.531828
1911,2199.16,,,,,122.00,876.2138964,1430,2065.348774
1912,2201.38,,,,,123.00,876.8437633,1431,1934.287123
1913,2304.79,,,,,124.00,877.4736302,1432,1885.152102
1914,2179.16,,,,,125.00,878.1034971,1433,2014.327984
1915,2069.69,,,,,126.00,878.733364,1434,2037.481167
1916,2240.26,,,,,127.00,879.3632309,1435,2022.080642
1917,2247.15,,,,,128.00,879.9930978,1436,1965.716801
1918,2190.67,,,,,129.00,880.6229648,1437,2029.833299
1919,2102.74,,,,,130.00,881.2528317,1438,2028.890414
1920,2152.78,,,,,131.00,881.8826986,1439,1936.382472
1921,2079.50,,,,,132.00,882.5125655,1440,1937.849194
1922,2231.23,,,,,133.00,883.1424324,1441,1934.496702
1923,2413.78,,,,,134.00,883.7722993,1442,1866.084828
1924,2456.98,,,,,135.00,884.4021662,1443,2038.633631
1925,2602.34,,,,,136.00,885.0320331,1444,1984.679397
1926,2600.23,,,,,137.00,885.6619001,1445,2041.567076
1927,2530.70,,,,,138.00,886.291767,1446,2014.118516
1928,2666.20,,,,,139.00,886.9216339,1447,2145.704005
1929,2777.99,,,,,140.00,887.5515008,1448,2108.617018
1930,2630.98,,,,,141.00,888.1813677,1449,2112.493347
1931,2578.90,,,,,142.00,888.8112346,1450,2027.214225
1932,2615.17,,,,,143.00,889.4411015,1451,2026.27134
1933,2565.06,,,,,144.00,890.0709684,1452,2063.882164
1934,2538.05,,,,,145.00,890.7008354,1453,2065.348886
1935,2654.11,,,,,146.00,891.3307023,1454,2042.71954
1936,2540.30,,,,,147.00,891.9605692,1455,1991.174913
1937,2772.27,,,,,148.00,892.5904361,1456,1944.449499
1938,2830.12,,,,,149.00,893.220303,1457,1938.687401
1939,2980.82,,,,,150.00,893.8501699,1458,2070.272889
1940,2897.09,,,,,151.00,894.4800368,1459,2127.160568
1941,2822.26,,,,,152.00,895.1099037,1460,2181.638639
1942,2648.29,,,,,153.00,895.7397707,1461,2183.105361
1943,2233.86,,,,,154.00,896.3696376,1462,2133.97034
1944,1797.19,,,,,155.00,896.9995045,1463,2089.654534
1945,1608.63,,,,,156.00,897.6293714,1464,1965.821703
1946,2161.68,,,,,157.00,898.2592383,1465,1960.059604
1947,2555.55,,,,,158.00,898.8891052,1466,1961.526326
1948,2735.26,,,,,159.00,899.5189721,1467,1979.860296
1949,2948.37,,,,,160.00,900.148839,1468,2029.519154
1950,3171.70,,,,,161.00,900.7787059,1469,2045.443517
1951,3450.71,,,,,162.00,901.4085729,1470,2109.560015
1952,3590.60,,,,,163.00,902.0384398,1471,2094.15949
1953,3829.82,,,,,164.00,902.6683067,1472,2037.795649
1954,3947.21,,,,,165.00,903.2981736,1473,1954.926133
1955,4189.74,,,,,166.00,903.9280405,1474,1934.706394
1956,4368.01,,,,,167.00,904.5579074,1475,1948.22115
1957,4590.97,,,,,168.00,905.1877743,1476,1920.772591
1958,4822.88,,,,,169.00,905.8176412,1477,1939.10656
1959,5130.81,,,,,170.00,906.4475082,1478,1988.765418
1960,5456.19,,,,,171.00,907.0773751,1479,1968.545679
1961,5852.67,,,,,172.00,907.707242,1480,1982.060435
1962,6203.01,,,,,173.00,908.3371089,1481,1981.11755
1963,6531.86,,,,,174.00,908.9669758,1482,1905.476855
1964,6727.94,,,,,175.00,909.5968427,1483,1873.209082
1965,6963.94,,,,,176.00,910.2267096,1484,1927.687154
1966,7366.02,,,,,177.00,910.8565765,1485,1991.803652
1967,7872.31,,,,,178.00,911.4864435,1486,1954.716666
1968,8382.41,,,,,179.00,912.1163104,1487,1946.54496
1969,8879.37,,,,,180.00,912.7461773,1488,1957.65011
1970,9366.60,,,,,181.00,913.3760442,1489,1985.622506
1971,9489.25,,,,,182.00,914.0059111,1490,1953.354733
1972,9795.13,,,,,183.00,914.635778,1491,1978.917523
1973,10413.55,,,,,184.00,915.2656449,1492,2014.11874
1974,10913.88,,,,,185.00,915.8955118,1493,1993.899001
1975,10618.98,,,,,186.00,916.5253788,1494,1935.125554
1976,11307.66,,,,,187.00,917.1552457,1495,1936.592276
1977,11541.92,,,,,188.00,917.7851126,1496,1863.361187
1978,11869.49,,,,,189.00,918.4149795,1497,1884.104764
1979,12532.29,,,,,190.00,919.0448464,1498,1933.763622
1980,12927.02,,,,,191.00,919.6747133,1499,1947.278378
1981,13018.32,,,,,192.00,920.3045802,1500,1939.106672
1982,13064.01,,,,,193.00,920.9344471,1501,1906.838899
1983,13208.60,,,,,194.00,921.5643141,1502,1896.257588
1984,13634.09,,,,,195.00,922.194181,1503,1904.95313
1985,14009.77,,,,,196.00,922.8240479,1504,1860.637323
1986,14408.11,,,,,197.00,923.4539148,1505,1924.753822
1987,14867.92,,,,,198.00,924.0837817,1506,2005.737568
1988,15484.70,,,,,199.00,924.7136486,1507,1999.975469
1989,15996.88,,,,,200.00,925.3435155,1508,2037.586293
1990,16313.13,,,,,201.00,925.9733824,1509,2043.872229
1991,16562.95,,,,,202.00,926.6032493,1510,2069.435019
1992,16634.01,,,,,203.00,927.2331163,1511,2008.251964
1993,16440.84,,,,,204.00,927.8629832,1512,2026.585934
1994,16761.74,,,,,205.00,928.4928501,1513,2054.558331
1995,17216.60,,,,,206.00,929.122717,1514,2029.519378
1996,17378.12,,,,,207.00,929.7525839,1515,2006.890032
1997,17675.65,,,,,208.00,930.3824508,1516,2022.814395
1998,17908.54,,,,,209.00,931.0123177,1517,2082.11168
1999,18140.52,,,,,210.00,931.6421846,1518,2090.807222
2000,18761.37,,,,,211.00,932.2720516,1519,2063.358663
2001,19062.44,,,,,212.00,932.9019185,1520,2026.271676
2002,19100.47,,,,,213.00,933.5317854,1521,1957.859802
2003,19006.71,,,,,214.00,934.1616523,1522,1949.688096
2004,19210.52,,,,,215.00,934.7915192,1523,1965.612459
2005,19283.73,,,,,216.00,935.4213861,1524,2070.692273
2006,19629.61,,,,,217.00,936.051253,1525,2067.339782
2007,19841.54,,,,,218.00,936.6811199,1526,1979.651052
2008,19460.50,,,,,219.00,937.3109869,1527,1911.239178
2009,18278.63,,,,,220.00,937.9408538,1528,1903.067473
2010,18520.43,,,,,221.00,938.5707207,1529,1950.316724
,,,,,,222.00,939.2005876,1530,1908.410523
,,,,,,223.00,939.8304545,1531,1933.973313
,,,,,,224.00,940.4603214,1532,1933.030429
,,,,,,225.00,941.0901883,1533,1924.858724
,,,,,,226.00,941.7200552,1534,2039.576965
,,,,,,227.00,942.3499222,1535,2072.368575
,,,,,,228.00,942.9797891,1536,2047.329622
,,,,,,229.00,943.609656,1537,2065.663592
,,,,,,230.00,944.2395229,1538,1982.794076
,,,,,,231.00,944.8693898,1539,1914.382202
,,,,,,232.00,945.4992567,1540,1949.583419
,,,,,,233.00,946.1291236,1541,2040.205592
,,,,,,234.00,946.7589905,1542,2051.310741
,,,,,,235.00,947.3888574,1543,2011.814148
,,,,,,236.00,948.0187244,1544,2020.50969
,,,,,,237.00,948.6485913,1545,2005.109165
,,,,,,238.00,949.2784582,1546,2059.587236
,,,,,,239.00,949.9083251,1547,1962.26008
,,,,,,240.00,950.538192,1548,1966.136409
,,,,,,241.00,951.1680589,1549,2008.566446
,,,,,,242.00,951.7979258,1550,1957.021819
,,,,,,243.00,952.4277927,1551,1987.403822
,,,,,,244.00,953.0576597,1552,2053.929928
,,,,,,245.00,953.6875266,1553,2019.252548
,,,,,,246.00,954.3173935,1554,1929.154212
,,,,,,247.00,954.9472604,1555,1916.163293
,,,,,,248.00,955.5771273,1556,1951.36451
,,,,,,249.00,956.2069942,1557,1928.735165
,,,,,,250.00,956.8368611,1558,1947.069134
,,,,,,251.00,957.466728,1559,1934.078215
,,,,,,252.00,958.096595,1560,1969.279432
,,,,,,253.00,958.7264619,1561,1975.565368
,,,,,,254.00,959.3563288,1562,1924.020741
,,,,,,255.00,959.9861957,1563,2009.8237
,,,,,,256.00,960.6160626,1564,1970.327107
,,,,,,257.00,961.2459295,1565,1981.432256
,,,,,,258.00,961.8757964,1566,1994.947012
,,,,,,259.00,962.5056633,1567,2047.015477
,,,,,,260.00,963.1355303,1568,2002.69967
,,,,,,261.00,963.7653972,1569,1951.155043
,,,,,,262.00,964.3952641,1570,2000.8139
,,,,,,263.00,965.025131,1571,1983.003768
,,,,,,264.00,965.6549979,1572,1994.108917
,,,,,,265.00,966.2848648,1573,2024.490921
,,,,,,266.00,966.9147317,1574,2021.138429
,,,,,,267.00,967.5445986,1575,1998.509084
,,,,,,268.00,968.1744656,1576,2026.48148
,,,,,,269.00,968.8043325,1577,2015.900168
,,,,,,270.00,969.4341994,1578,2002.90925
,,,,,,271.00,970.0640663,1579,1973.051084
,,,,,,272.00,970.6939332,1580,1979.337019
,,,,,,273.00,971.3238001,1581,2000.080595
,,,,,,274.00,971.953667,1582,2003.956924
,,,,,,275.00,972.5835339,1583,2019.881287
,,,,,,276.00,973.2134008,1584,2006.890368
,,,,,,277.00,973.8432678,1585,1993.89945
,,,,,,278.00,974.4731347,1586,2000.185385
,,,,,,279.00,975.1030016,1587,2013.700141
,,,,,,280.00,975.7328685,1588,2017.57647
,,,,,,281.00,976.3627354,1589,1999.766338
,,,,,,282.00,976.9926023,1590,1974.727385
,,,,,,283.00,977.6224692,1591,1954.507646
,,,,,,284.00,978.2523361,1592,1963.203189
,,,,,,285.00,978.8822031,1593,2000.814013
,,,,,,286.00,979.51207,1594,1983.00388
,,,,,,287.00,980.1419369,1595,1982.060996
,,,,,,288.00,980.7718038,1596,1944.974009
,,,,,,289.00,981.4016707,1597,1963.307979
,,,,,,290.00,982.0315376,1598,1986.461162
,,,,,,291.00,982.6614045,1599,2019.252772
,,,,,,292.00,983.2912714,1600,1991.804213
,,,,,,293.00,983.9211384,1601,1961.946046
,,,,,,294.00,984.5510053,1602,1968.231982
,,,,,,295.00,985.1808722,1603,2003.433199
,,,,,,296.00,985.8107391,1604,1980.803853
,,,,,,297.00,986.440606,1605,1989.499396
,,,,,,298.00,987.0704729,1606,1966.87005
,,,,,,299.00,987.7003398,1607,1973.155986
,,,,,,300.00,988.3302067,1608,1998.718775
,,,,,,301.00,988.9600737,1609,2033.919993
,,,,,,302.00,989.5899406,1610,2057.073176
,,,,,,303.00,990.2198075,1611,2048.901471
,,,,,,304.00,990.8496744,1612,2038.320159
,,,,,,305.00,991.4795413,1613,2034.967667
,,,,,,306.00,992.1094082,1614,2046.072816
,,,,,,307.00,992.7392751,1615,2033.081898
,,,,,,308.00,993.369142,1616,2063.463901
,,,,,,309.00,993.999009,1617,2050.472982
,,,,,,310.00,994.6288759,1618,2025.43403
,,,,,,311.00,995.2587428,1619,2034.129572
,,,,,,312.00,995.8886097,1620,2057.282755
,,,,,,313.00,996.5184766,1621,2092.483972
,,,,,,314.00,997.1483435,1622,2081.902661
,,,,,,315.00,997.7782104,1623,2080.959776
,,,,,,316.00,998.4080773,1624,2089.655318
,,,,,,317.00,999.0379442,1625,2117.627715
,,,,,,318.00,999.6678112,1626,2104.636796
,,,,,,319.00,1000.297678,1627,2074.77863
,,,,,,320.00,1000.927545,1628,2044.920464
,,,,,,321.00,1001.557412,1629,2034.339152
,,,,,,322.00,1002.187279,1630,2083.99801
,,,,,,323.00,1002.817146,1631,2131.247261
,,,,,,324.00,1003.447013,1632,2180.906119
,,,,,,325.00,1004.07688,1633,2179.963234
,,,,,,326.00,1004.706746,1634,2195.887597
,,,,,,327.00,1005.336613,1635,2103.379654
,,,,,,328.00,1005.96648,1636,2124.12323
,,,,,,329.00,1006.596347,1637,2156.914841
,,,,,,330.00,1007.226214,1638,2196.935271
,,,,,,331.00,1007.856081,1639,2198.401993
,,,,,,332.00,1008.485948,1640,2219.14557
,,,,,,333.00,1009.115815,1641,2239.889146
,,,,,,334.00,1009.745682,1642,2183.525305
,,,,,,335.00,1010.375549,1643,2134.390285
,,,,,,336.00,1011.005416,1644,2138.266614
,,,,,,337.00,1011.635282,1645,2168.648617
,,,,,,338.00,1012.265149,1646,2179.753766
,,,,,,339.00,1012.895016,1647,2140.257173
,,,,,,340.00,1013.524883,1648,2105.579793
,,,,,,341.00,1014.15475,1649,2090.179268
,,,,,,342.00,1014.784617,1650,2084.417169
,,,,,,343.00,1015.414484,1651,2165.400915
,,,,,,344.00,1016.044351,1652,2174.096458
,,,,,,345.00,1016.674218,1653,2165.924753
,,,,,,346.00,1017.304085,1654,2177.029902
,,,,,,347.00,1017.933952,1655,2180.906231
,,,,,,348.00,1018.563819,1656,2158.276885
,,,,,,349.00,1019.193685,1657,2135.647539
,,,,,,350.00,1019.823552,1658,2129.885441
,,,,,,351.00,1020.453419,1659,2131.352163
,,,,,,352.00,1021.083286,1660,2147.276526
,,,,,,353.00,1021.713153,1661,2165.610495
,,,,,,354.00,1022.34302,1662,2174.306038
,,,,,,355.00,1022.972887,1663,2173.363153
,,,,,,356.00,1023.602754,1664,2172.420268
,,,,,,357.00,1024.232621,1665,2183.525417
,,,,,,358.00,1024.862488,1666,2209.088207
,,,,,,359.00,1025.492355,1667,2212.964536
,,,,,,360.00,1026.122221,1668,2204.792831
,,,,,,361.00,1026.752088,1669,2177.344272
,,,,,,362.00,1027.381955,1670,2166.76296
,,,,,,363.00,1028.011822,1671,2180.277716
,,,,,,364.00,1028.641689,1672,2188.973258
,,,,,,365.00,1029.271556,1673,2195.259194
,,,,,,366.00,1029.901423,1674,2189.497095
,,,,,,367.00,1030.53129,1675,2145.181288
,,,,,,368.00,1031.161157,1676,2153.876831
,,,,,,369.00,1031.791024,1677,2126.428271
,,,,,,370.00,1032.420891,1678,2127.894994
,,,,,,371.00,1033.050758,1679,2146.228963
,,,,,,372.00,1033.680624,1680,2150.105292
,,,,,,373.00,1034.310491,1681,2173.258475
,,,,,,374.00,1034.940358,1682,2184.363624
,,,,,,375.00,1035.570225,1683,2193.059167
,,,,,,376.00,1036.200092,1684,2168.020214
,,,,,,377.00,1036.829959,1685,2133.342834
,,,,,,378.00,1037.459826,1686,2156.496017
,,,,,,379.00,1038.089693,1687,2198.926055
,,,,,,380.00,1038.71956,1688,2193.163957
,,,,,,381.00,1039.349427,1689,2192.221072
,,,,,,382.00,1039.979294,1690,2145.495658
,,,,,,383.00,1040.60916,1691,2149.371987
,,,,,,384.00,1041.239027,1692,2170.115563
,,,,,,385.00,1041.868894,1693,2161.943858
,,,,,,386.00,1042.498761,1694,2134.495299
,,,,,,387.00,1043.128628,1695,2126.323594
,,,,,,388.00,1043.758495,1696,2130.199923
,,,,,,389.00,1044.388362,1697,2141.305072
,,,,,,390.00,1045.018229,1698,2166.867862
,,,,,,391.00,1045.648096,1699,2175.563404
,,,,,,392.00,1046.277963,1700,2201.126194
,,,,,,393.00,1046.90783,1701,2195.364096
,,,,,,394.00,1047.537696,1702,2192.011604
,,,,,,395.00,1048.167563,1703,2203.116753
,,,,,,396.00,1048.79743,1704,2209.402689
,,,,,,397.00,1049.427297,1705,2213.279018
,,,,,,398.00,1050.057164,1706,2205.107313
,,,,,,399.00,1050.687031,1707,2230.670103
,,,,,,400.00,1051.316898,1708,2229.727218
,,,,,,401.00,1051.946765,1709,2185.411411
,,,,,,402.00,1052.576632,1710,2235.070269
,,,,,,403.00,1053.206499,1711,2279.909913
,,,,,,404.00,1053.836366,1712,2291.015062
,,,,,,405.00,1054.466233,1713,2292.481784
,,,,,,406.00,1055.096099,1714,2305.99654
,,,,,,407.00,1055.725966,1715,2290.596015
,,,,,,408.00,1056.355833,1716,2289.65313
,,,,,,409.00,1056.9857,1717,2298.348672
,,,,,,410.00,1057.615567,1718,2292.586574
,,,,,,411.00,1058.245434,1719,2318.149364
,,,,,,412.00,1058.875301,1720,2365.398615
,,,,,,413.00,1059.505168,1721,2354.817303
,,,,,,414.00,1060.135035,1722,2349.055205
,,,,,,415.00,1060.764902,1723,2384.256422
,,,,,,416.00,1061.394769,1724,2407.409605
,,,,,,417.00,1062.024635,1725,2365.503405
,,,,,,418.00,1062.654502,1726,2347.693273
,,,,,,419.00,1063.284369,1727,2368.436849
,,,,,,420.00,1063.914236,1728,2374.722785
,,,,,,421.00,1064.544103,1729,2378.599113
,,,,,,422.00,1065.17397,1730,2363.198588
,,,,,,423.00,1065.803837,1731,2333.340422
,,,,,,424.00,1066.433704,1732,2344.445571
,,,,,,425.00,1067.063571,1733,2288.08173
,,,,,,426.00,1067.693438,1734,2258.223564
,,,,,,427.00,1068.323305,1735,2271.73832
,,,,,,428.00,1068.953171,1736,2292.481896
,,,,,,429.00,1069.583038,1737,2322.8639
,,,,,,430.00,1070.212905,1738,2331.559442
,,,,,,431.00,1070.842772,1739,2335.435771
,,,,,,432.00,1071.472639,1740,2312.806425
,,,,,,433.00,1072.102506,1741,2302.225113
,,,,,,434.00,1072.732373,1742,2325.378296
,,,,,,435.00,1073.36224,1743,2319.616198
,,,,,,436.00,1073.992107,1744,2323.492527
,,,,,,437.00,1074.621974,1745,2320.140035
,,,,,,438.00,1075.251841,1746,2290.281869
,,,,,,439.00,1075.881708,1747,2277.290951
,,,,,,440.00,1076.511574,1748,2285.986493
,,,,,,441.00,1077.141441,1749,2311.549283
,,,,,,442.00,1077.771308,1750,2305.787185
,,,,,,443.00,1078.401175,1751,2304.8443
,,,,,,444.00,1079.031042,1752,2325.587876
,,,,,,445.00,1079.660909,1753,2370.42752
,,,,,,446.00,1080.290776,1754,2371.894243
,,,,,,447.00,1080.920643,1755,2351.674503
,,,,,,448.00,1081.55051,1756,2341.093192
,,,,,,449.00,1082.180377,1757,2342.559914
,,,,,,450.00,1082.810244,1758,2351.255456
,,,,,,451.00,1083.44011,1759,2350.312571
,,,,,,452.00,1084.069977,1760,2368.646541
,,,,,,453.00,1084.699844,1761,2379.75169
,,,,,,454.00,1085.329711,1762,2386.037626
,,,,,,455.00,1085.959578,1763,2370.6371
,,,,,,456.00,1086.589445,1764,2352.826968
,,,,,,457.00,1087.219312,1765,2337.426443
,,,,,,458.00,1087.849179,1766,2307.568276
,,,,,,459.00,1088.479046,1767,2323.492639
,,,,,,460.00,1089.108913,1768,2339.417002
,,,,,,461.00,1089.73878,1769,2350.522151
,,,,,,462.00,1090.368647,1770,2311.025558
,,,,,,463.00,1090.998513,1771,2305.263459
,,,,,,464.00,1091.62838,1772,2282.634114
,,,,,,465.00,1092.258247,1773,2288.920049
,,,,,,466.00,1092.888114,1774,2278.338737
,,,,,,467.00,1093.517981,1775,2270.167032
,,,,,,468.00,1094.147848,1776,2307.777856
,,,,,,469.00,1094.777715,1777,2285.14851
,,,,,,470.00,1095.407582,1778,2267.338378
,,,,,,471.00,1096.037449,1779,2302.539595
,,,,,,472.00,1096.667316,1780,2335.331205
,,,,,,473.00,1097.297183,1781,2315.111466
,,,,,,474.00,1097.927049,1782,2304.530154
,,,,,,475.00,1098.556916,1783,2296.358449
,,,,,,476.00,1099.186783,1784,2295.415565
,,,,,,477.00,1099.81665,1785,2306.520714
,,,,,,478.00,1100.446517,1786,2317.625863
,,,,,,479.00,1101.076384,1787,2297.406124
,,,,,,480.00,1101.706251,1788,2315.740094
,,,,,,481.00,1102.336118,1789,2314.797209
,,,,,,482.00,1102.965985,1790,2277.710222
,,,,,,483.00,1103.595852,1791,2293.634585
,,,,,,484.00,1104.225719,1792,2299.920521
,,,,,,485.00,1104.855585,1793,2277.291175
,,,,,,486.00,1105.485452,1794,2288.396324
,,,,,,487.00,1106.115319,1795,2311.549507
,,,,,,488.00,1106.745186,1796,2315.425836
,,,,,,489.00,1107.375053,1797,2326.530985
,,,,,,490.00,1108.00492,1798,2344.864955
,,,,,,491.00,1108.634787,1799,2322.235609
,,,,,,492.00,1109.264654,1800,2285.148622
,,,,,,493.00,1109.894521,1801,2276.976917
,,,,,,494.00,1110.524388,1802,2302.539707
,,,,,,495.00,1111.154255,1803,2325.69289
,,,,,,496.00,1111.784122,1804,2360.894107
,,,,,,497.00,1112.413988,1805,2335.855155
,,,,,,498.00,1113.043855,1806,2356.598731
,,,,,,499.00,1113.673722,1807,2360.47506
,,,,,,500.00,1114.303589,1808,2407.724311
,,,,,,501.00,1114.933456,1809,2414.010247
,,,,,,502.00,1115.563323,1810,2348.007979
,,,,,,503.00,1116.19319,1811,2322.969026
,,,,,,504.00,1116.823057,1812,2341.302996
,,,,,,505.00,1117.452924,1813,2364.456179
,,,,,,506.00,1118.082791,1814,2375.561328
,,,,,,507.00,1118.712658,1815,2340.883948
,,,,,,508.00,1119.342524,1816,2330.302636
,,,,,,509.00,1119.972391,1817,2338.998179
,,,,,,510.00,1120.602258,1818,2400.70507
,,,,,,511.00,1121.232125,1819,2394.942972
,,,,,,512.00,1121.861992,1820,2396.409694
,,,,,,513.00,1122.491859,1821,2383.418775
,,,,,,514.00,1123.121726,1822,2394.523925
,,,,,,515.00,1123.751593,1823,2403.219467
,,,,,,516.00,1124.38146,1824,2426.37265
,,,,,,517.00,1125.011327,1825,2415.791338
,,,,,,518.00,1125.641194,1826,2441.354128
,,,,,,519.00,1126.271061,1827,2428.36321
,,,,,,520.00,1126.900927,1828,2420.191504
,,,,,,521.00,1127.530794,1829,2419.24862
,,,,,,522.00,1128.160661,1830,2408.667308
,,,,,,523.00,1128.790528,1831,2439.049311
,,,,,,524.00,1129.420395,1832,2447.744854
,,,,,,525.00,1130.050262,1833,2454.030789
,,,,,,526.00,1130.680129,1834,2462.726332
,,,,,,527.00,1131.309996,1835,2488.289122
,,,,,,528.00,1131.939863,1836,2424.69646
,,,,,,529.00,1132.56973,1837,2404.476721
,,,,,,530.00,1133.199597,1838,2417.991477
,,,,,,531.00,1133.829463,1839,2412.229379
,,,,,,532.00,1134.45933,1840,2440.201776
,,,,,,533.00,1135.089197,1841,2458.535745
,,,,,,534.00,1135.719064,1842,2467.231288
,,,,,,535.00,1136.348931,1843,2425.325088
,,,,,,536.00,1136.978798,1844,2426.79181
,,,,,,537.00,1137.608665,1845,2435.487352
,,,,,,538.00,1138.238532,1846,2429.725254
,,,,,,539.00,1138.868399,1847,2411.915122
,,,,,,540.00,1139.498266,1848,2435.068305
,,,,,,541.00,1140.128133,1849,2431.715813
,,,,,,542.00,1140.757999,1850,2423.544108
,,,,,,543.00,1141.387866,1851,2425.01083
,,,,,,544.00,1142.017733,1852,2414.429518
,,,,,,545.00,1142.6476,1853,2399.028993
,,,,,,546.00,1143.277467,1854,2347.484366
,,,,,,547.00,1143.907334,1855,2356.179908
,,,,,,548.00,1144.537201,1856,2360.056237
,,,,,,549.00,1145.167068,1857,2421.763129
,,,,,,550.00,1145.796935,1858,2454.554739
,,,,,,551.00,1146.426802,1859,2429.515786
,,,,,,552.00,1147.056669,1860,2426.163295
,,,,,,553.00,1147.686536,1861,2422.810803
,,,,,,554.00,1148.316402,1862,2448.373593
,,,,,,555.00,1148.946269,1863,2466.707563
,,,,,,556.00,1149.576136,1864,2453.716644
,,,,,,557.00,1150.206003,1865,2498.556288
,,,,,,558.00,1150.83587,1866,2439.782841
,,,,,,559.00,1151.465737,1867,2448.478383
,,,,,,560.00,1152.095604,1868,2454.764319
,,,,,,561.00,1152.725471,1869,2477.917502
,,,,,,562.00,1153.355338,1870,2520.347539
,,,,,,563.00,1153.985205,1871,2517.032696
,,,,,,564.00,1154.615072,1872,2450.066997
,,,,,,565.00,1155.244938,1873,2447.768869
,,,,,,566.00,1155.874805,1874,2491.276415
,,,,,,567.00,1156.504672,1875,2496.507987
,,,,,,568.00,1157.134539,1876,2477.581772
,,,,,,569.00,1157.764406,1877,2484.068294
,,,,,,570.00,1158.394273,1878,2506.555428
,,,,,,571.00,1159.02414,1879,2510.53205
,,,,,,572.00,1159.654007,1880,2525.489484
,,,,,,573.00,1160.283874,1881,2553.310155
,,,,,,574.00,1160.913741,1882,2565.757689
,,,,,,575.00,1161.543608,1883,2575.695323
,,,,,,576.00,1162.173475,1884,2563.357596
,,,,,,577.00,1162.803341,1885,2578.31503
,,,,,,578.00,1163.433208,1886,2599.860951
,,,,,,579.00,1164.063075,1887,2625.171723
,,,,,,580.00,1164.692942,1888,2621.618645
,,,,,,581.00,1165.322809,1889,2593.594043
,,,,,,582.00,1165.952676,1890,2596.001977
,,,,,,583.00,1166.582543,1891,2610.018199
,,,,,,584.00,1167.21241,1892,2612.426134
,,,,,,585.00,1167.842277,1893,2628.638518
,,,,,,586.00,1168.472144,1894,2635.438777
,,,,,,587.00,1169.102011,1895,2645.062674
,,,,,,588.00,1169.731877,1896,2660.96132
,,,,,,589.00,1170.361744,1897,2663.99673
,,,,,,590.00,1170.991611,1898,2661.384865
,,,,,,591.00,1171.621478,1899,2673.832399
,,,,,,592.00,1172.251345,1900,2701.65307
,,,,,,593.00,1172.881212,1901,2719.747879
,,,,,,594.00,1173.511079,1902,2738.156425
,,,,,,595.00,1174.140946,1903,2749.34901
,,,,,,596.00,1174.770813,1904,2769.326244
,,,,,,597.00,1175.40068,1905,2793.068327
,,,,,,598.00,1176.030547,1906,2832.183548
,,,,,,599.00,1176.660413,1907,2853.72947
,,,,,,600.00,1177.29028,1908,2879.981453
,,,,,,601.00,1177.920147,1909,2891.174038
,,,,,,602.00,1178.550014,1910,2893.581972
,,,,,,603.00,1179.179881,1911,2907.911931
,,,,,,604.00,1179.809748,1912,2910.947341
,,,,,,605.00,1180.439615,1913,2969.514286
,,,,,,606.00,1181.069482,1914,2901.331285
,,,,,,607.00,1181.699349,1915,2842.246672
,,,,,,608.00,1182.329216,1916,2937.834641
,,,,,,609.00,1182.959083,1917,2943.37995
,,,,,,610.00,1183.58895,1918,2913.786661
,,,,,,611.00,1184.218816,1919,2866.624072
,,,,,,612.00,1184.848683,1920,2895.699693
,,,,,,613.00,1185.47855,1921,2856.694279
,,,,,,614.00,1186.108417,1922,2942.242648
,,,,,,615.00,1186.738284,1923,3044.105367
,,,,,,616.00,1187.368151,1924,3069.416138
,,,,,,617.00,1187.998018,1925,3151.199658
,,,,,,618.00,1188.627885,1926,3151.41143
,,,,,,619.00,1189.257752,1927,3114.602178
,,,,,,620.00,1189.887619,1928,3191.05216
,,,,,,621.00,1190.517486,1929,3254.01143
,,,,,,622.00,1191.147352,1930,3174.53388
,,,,,,623.00,1191.777219,1931,3146.823016
,,,,,,624.00,1192.407086,1932,3168.368937
,,,,,,625.00,1193.036953,1933,3142.22676
,,,,,,626.00,1193.66682,1934,3128.634082
,,,,,,627.00,1194.296687,1935,3194.103252
,,,,,,628.00,1194.926554,1936,3133.136214
,,,,,,629.00,1195.556421,1937,3262.607832
,,,,,,630.00,1196.186288,1938,3296.075778
,,,,,,631.00,1196.816155,1939,3380.682935
,,,,,,632.00,1197.446022,1940,3336.030246
,,,,,,633.00,1198.075888,1941,3296.083619
,,,,,,634.00,1198.705755,1942,3201.546669
,,,,,,635.00,1199.335622,1943,2973.985024
,,,,,,636.00,1199.965489,1944,2734.187616
,,,,,,637.00,1200.595356,1945,2631.807229
,,,,,,638.00,1201.225223,1946,2938.854266
,,,,,,639.00,1201.85509,1947,3157.741069
,,,,,,640.00,1202.484957,1948,3258.348838
,,,,,,641.00,1203.114824,1949,3377.153381
,,,,,,642.00,1203.744691,1950,3502.565337
,,,,,,643.00,1204.374558,1951,3738.49593
,,,,,,644.00,1205.004425,1952,3997.419544
,,,,,,645.00,1205.634291,1953,4259.816085
,,,,,,646.00,1206.264158,1954,4449.036212
,,,,,,647.00,1206.894025,1955,4675.61121
,,,,,,648.00,1207.523892,1956,4858.83363
,,,,,,649.00,1208.153759,1957,5118.376642
,,,,,,650.00,1208.783626,1958,5360.012936
,,,,,,651.00,1209.413493,1959,5653.134532
,,,,,,652.00,1210.04336,1960,5916.239023
,,,,,,653.00,1210.673227,1961,6373.151344
,,,,,,654.00,1211.303094,1962,6826.8323
,,,,,,655.00,1211.932961,1963,7262.389572
,,,,,,656.00,1212.562827,1964,7487.044624
,,,,,,657.00,1213.192694,1965,7598.423455
,,,,,,658.00,1213.822561,1966,7942.409558
,,,,,,659.00,1214.452428,1967,8453.702596
,,,,,,660.00,1215.082295,1968,9105.358713
,,,,,,661.00,1215.712162,1969,9566.385956
,,,,,,662.00,1216.342029,1970,9718.511175
,,,,,,663.00,1216.971896,1971,9839.460796
,,,,,,664.00,1217.601763,1972,10060.28375
,,,,,,665.00,1218.23163,1973,10634.06153
,,,,,,666.00,1218.861497,1974,11046.19453
,,,,,,667.00,1219.491364,1975,10741.8689
,,,,,,668.00,1220.12123,1976,11385.27342
,,,,,,669.00,1220.751097,1977,11668.15572
,,,,,,670.00,1221.380964,1978,12064.22964
,,,,,,671.00,1222.010831,1979,12719.76456
,,,,,,672.00,1222.640698,1980,13149.3818
,,,,,,673.00,1223.270565,1981,13199.7017
,,,,,,674.00,1223.900432,1982,13252.40243
,,,,,,675.00,1224.530299,1983,13391.45811
,,,,,,676.00,1225.160166,1984,13719.271
,,,,,,677.00,1225.790033,1985,14096.24314
,,,,,,678.00,1226.4199,1986,14495.83003
,,,,,,679.00,1227.049766,1987,14945.78598
,,,,,,680.00,1227.679633,1988,15522.80081
,,,,,,681.00,1228.3095,1989,15969.20091
,,,,,,682.00,1228.939367,1990,16313.12866
,,,,,,683.00,1229.569234,1991,16563.71872
,,,,,,684.00,1230.199101,1992,16644.90166
,,,,,,685.00,1230.828968,1993,16451.60793
,,,,,,686.00,1231.458835,1994,16772.71906
,,,,,,687.00,1232.088702,1995,17227.87258
,,,,,,688.00,1232.718569,1996,17441.20347
,,,,,,689.00,1233.348436,1997,17751.01769
,,,,,,690.00,1233.978302,1998,18067.24376
,,,,,,691.00,1234.608169,1999,18357.87101
,,,,,,692.00,1235.238036,2000,19044.44256
,,,,,,693.00,1235.867903,2001,19403.22398
,,,,,,694.00,1236.49777,2002,19411.71805
,,,,,,695.00,1237.127637,2003,19332.61922
,,,,,,696.00,1237.757504,2004,19461.33304
,,,,,,697.00,1238.387371,2005,19503.90175
,,,,,,698.00,1239.017238,2006,19772.34527
,,,,,,699.00,1239.647105,2007,19943.83413
,,,,,,700.00,1240.276972,2008,19600.43604
,,,,,,701.00,1240.906839,2009,18460.52284
,,,,,,702.00,1241.536705,2010,18697.9387
,,,,,,703.00,1242.166572,2011,18757.95974
,,,,,,704.00,1242.796439,2012,18114.62363
,,,,,,705.00,1243.426306,2013,17691.02323
,,,,,,706.00,1244.056173,2014,17648.69164
,,,,,,707.00,1244.68604,2015,17803.18495
,,,,,,708.00,1245.315907,2016,18064.12929
,,,,,,709.00,1245.945774,2017,18392.96009
,,,,,,710.00,1246.575641,2018,18590.12635
,,,,,,711.00,1247.205508,2019,18680.5486
,,,,,,712.00,1247.835375,2020,17104.24353
,,,,,,713.00,1248.465241,,
,,,,,,714.00,1249.095108,,
,,,,,,715.00,1249.724975,,
,,,,,,716.00,1250.354842,,
,,,,,,717.00,1250.984709,,
,,,,,,718.00,1251.614576,,
,,,,,,719.00,1252.244443,,
,,,,,,720.00,1252.87431,,
,,,,,,721.00,1253.504177,,
,,,,,,722.00,1254.134044,,
,,,,,,723.00,1254.763911,,
,,,,,,724.00,1255.393778,,
,,,,,,725.00,1256.023644,,
,,,,,,726.00,1256.653511,,
,,,,,,727.00,1257.283378,,
,,,,,,728.00,1257.913245,,
,,,,,,729.00,1258.543112,,
,,,,,,730.00,1259.172979,,
,,,,,,731.00,1259.802846,,
,,,,,,732.00,1260.432713,,
,,,,,,733.00,1261.06258,,
,,,,,,734.00,1261.692447,,
,,,,,,735.00,1262.322314,,
,,,,,,736.00,1262.95218,,
,,,,,,737.00,1263.582047,,
,,,,,,738.00,1264.211914,,
,,,,,,739.00,1264.841781,,
,,,,,,740.00,1265.471648,,
,,,,,,741.00,1266.101515,,
,,,,,,742.00,1266.731382,,
,,,,,,743.00,1267.361249,,
,,,,,,744.00,1267.991116,,
,,,,,,745.00,1268.620983,,
,,,,,,746.00,1269.25085,,
,,,,,,747.00,1269.880716,,
,,,,,,748.00,1270.510583,,
,,,,,,749.00,1271.14045,,
,,,,,,750.00,1271.770317,,
,,,,,,751.00,1272.400184,,
,,,,,,752.00,1273.030051,,
,,,,,,753.00,1273.659918,,
,,,,,,754.00,1274.289785,,
,,,,,,755.00,1274.919652,,
,,,,,,756.00,1275.549519,,
,,,,,,757.00,1276.179386,,
,,,,,,758.00,1276.809253,,
,,,,,,759.00,1277.439119,,
,,,,,,760.00,1278.068986,,
,,,,,,761.00,1278.698853,,
,,,,,,762.00,1279.32872,,
,,,,,,763.00,1279.958587,,
,,,,,,764.00,1280.588454,,
,,,,,,765.00,1281.218321,,
,,,,,,766.00,1281.848188,,
,,,,,,767.00,1282.478055,,
,,,,,,768.00,1283.107922,,
,,,,,,769.00,1283.737789,,
,,,,,,770.00,1284.367655,,
,,,,,,771.00,1284.997522,,
,,,,,,772.00,1285.627389,,
,,,,,,773.00,1286.257256,,
,,,,,,774.00,1286.887123,,
,,,,,,775.00,1287.51699,,
,,,,,,776.00,1288.146857,,
,,,,,,777.00,1288.776724,,
,,,,,,778.00,1289.406591,,
,,,,,,779.00,1290.036458,,
,,,,,,780.00,1290.666325,,
,,,,,,781.00,1291.296191,,
,,,,,,782.00,1291.926058,,
,,,,,,783.00,1292.555925,,
,,,,,,784.00,1293.185792,,
,,,,,,785.00,1293.815659,,
,,,,,,786.00,1294.445526,,
,,,,,,787.00,1295.075393,,
,,,,,,788.00,1295.70526,,
,,,,,,789.00,1296.335127,,
,,,,,,790.00,1296.964994,,
,,,,,,791.00,1297.594861,,
,,,,,,792.00,1298.224728,,
,,,,,,793.00,1298.854594,,
,,,,,,794.00,1299.484461,,
,,,,,,795.00,1300.114328,,
,,,,,,796.00,1300.744195,,
,,,,,,797.00,1301.374062,,
,,,,,,798.00,1302.003929,,
,,,,,,799.00,1302.633796,,
,,,,,,800.00,1303.263663,,
,,,,,,801.00,1303.89353,,
,,,,,,802.00,1304.523397,,
,,,,,,803.00,1305.153264,,
,,,,,,804.00,1305.78313,,
,,,,,,805.00,1306.412997,,
,,,,,,806.00,1307.042864,,
,,,,,,807.00,1307.672731,,
,,,,,,808.00,1308.302598,,
,,,,,,809.00,1308.932465,,
,,,,,,810.00,1309.562332,,
,,,,,,811.00,1310.192199,,
,,,,,,812.00,1310.822066,,
,,,,,,813.00,1311.451933,,
,,,,,,814.00,1312.0818,,
,,,,,,815.00,1312.711667,,
,,,,,,816.00,1313.341533,,
,,,,,,817.00,1313.9714,,
,,,,,,818.00,1314.601267,,
,,,,,,819.00,1315.231134,,
,,,,,,820.00,1315.861001,,
,,,,,,821.00,1316.490868,,
,,,,,,822.00,1317.120735,,
,,,,,,823.00,1317.750602,,
,,,,,,824.00,1318.380469,,
,,,,,,825.00,1319.010336,,
,,,,,,826.00,1319.640203,,
,,,,,,827.00,1320.270069,,
,,,,,,828.00,1320.899936,,
,,,,,,829.00,1321.529803,,
,,,,,,830.00,1322.15967,,
,,,,,,831.00,1322.789537,,
,,,,,,832.00,1323.419404,,
,,,,,,833.00,1324.049271,,
,,,,,,834.00,1324.679138,,
,,,,,,835.00,1325.309005,,
,,,,,,836.00,1325.938872,,
,,,,,,837.00,1326.568739,,
,,,,,,838.00,1327.198605,,
,,,,,,839.00,1327.828472,,
,,,,,,840.00,1328.458339,,
,,,,,,841.00,1329.088206,,
,,,,,,842.00,1329.718073,,
,,,,,,843.00,1330.34794,,
,,,,,,844.00,1330.977807,,
,,,,,,845.00,1331.607674,,
,,,,,,846.00,1332.237541,,
,,,,,,847.00,1332.867408,,
,,,,,,848.00,1333.497275,,
,,,,,,849.00,1334.127142,,
,,,,,,850.00,1334.757008,,
,,,,,,851.00,1335.386875,,
,,,,,,852.00,1336.016742,,
,,,,,,853.00,1336.646609,,
,,,,,,854.00,1337.276476,,
,,,,,,855.00,1337.906343,,
,,,,,,856.00,1338.53621,,
,,,,,,857.00,1339.166077,,
,,,,,,858.00,1339.795944,,
,,,,,,859.00,1340.425811,,
,,,,,,860.00,1341.055678,,
,,,,,,861.00,1341.685544,,
,,,,,,862.00,1342.315411,,
,,,,,,863.00,1342.945278,,
,,,,,,864.00,1343.575145,,
,,,,,,865.00,1344.205012,,
,,,,,,866.00,1344.834879,,
,,,,,,867.00,1345.464746,,
,,,,,,868.00,1346.094613,,
,,,,,,869.00,1346.72448,,
,,,,,,870.00,1347.354347,,
,,,,,,871.00,1347.984214,,
,,,,,,872.00,1348.614081,,
,,,,,,873.00,1349.243947,,
,,,,,,874.00,1349.873814,,
,,,,,,875.00,1350.503681,,
,,,,,,876.00,1351.133548,,
,,,,,,877.00,1351.763415,,
,,,,,,878.00,1352.393282,,
,,,,,,879.00,1353.023149,,
,,,,,,880.00,1353.653016,,
,,,,,,881.00,1354.282883,,
,,,,,,882.00,1354.91275,,
,,,,,,883.00,1355.542617,,
,,,,,,884.00,1356.172483,,
,,,,,,885.00,1356.80235,,
,,,,,,886.00,1357.432217,,
,,,,,,887.00,1358.062084,,
,,,,,,888.00,1358.691951,,
,,,,,,889.00,1359.321818,,
,,,,,,890.00,1359.951685,,
,,,,,,891.00,1360.581552,,
,,,,,,892.00,1361.211419,,
,,,,,,893.00,1361.841286,,
,,,,,,894.00,1362.471153,,
,,,,,,895.00,1363.101019,,
,,,,,,896.00,1363.730886,,
,,,,,,897.00,1364.360753,,
,,,,,,898.00,1364.99062,,
,,,,,,899.00,1365.620487,,
,,,,,,900.00,1366.250354,,
,,,,,,901.00,1366.880221,,
,,,,,,902.00,1367.510088,,
,,,,,,903.00,1368.139955,,
,,,,,,904.00,1368.769822,,
,,,,,,905.00,1369.399689,,
,,,,,,906.00,1370.029556,,
,,,,,,907.00,1370.659422,,
,,,,,,908.00,1371.289289,,
,,,,,,909.00,1371.919156,,
,,,,,,910.00,1372.549023,,
,,,,,,911.00,1373.17889,,
,,,,,,912.00,1373.808757,,
,,,,,,913.00,1374.438624,,
,,,,,,914.00,1375.068491,,
,,,,,,915.00,1375.698358,,
,,,,,,916.00,1376.328225,,
,,,,,,917.00,1376.958092,,
,,,,,,918.00,1377.587958,,
,,,,,,919.00,1378.217825,,
,,,,,,920.00,1378.847692,,
,,,,,,921.00,1379.477559,,
,,,,,,922.00,1380.107426,,
,,,,,,923.00,1380.737293,,
,,,,,,924.00,1381.36716,,
,,,,,,925.00,1381.997027,,
,,,,,,926.00,1382.626894,,
,,,,,,927.00,1383.256761,,
,,,,,,928.00,1383.886628,,
,,,,,,929.00,1384.516494,,
,,,,,,930.00,1385.146361,,
,,,,,,931.00,1385.776228,,
,,,,,,932.00,1386.406095,,
,,,,,,933.00,1387.035962,,
,,,,,,934.00,1387.665829,,
,,,,,,935.00,1388.295696,,
,,,,,,936.00,1388.925563,,
,,,,,,937.00,1389.55543,,
,,,,,,938.00,1390.185297,,
,,,,,,939.00,1390.815164,,
,,,,,,940.00,1391.445031,,
,,,,,,941.00,1392.074897,,
,,,,,,942.00,1392.704764,,
,,,,,,943.00,1393.334631,,
,,,,,,944.00,1393.964498,,
,,,,,,945.00,1394.594365,,
,,,,,,946.00,1395.224232,,
,,,,,,947.00,1395.854099,,
,,,,,,948.00,1396.483966,,
,,,,,,949.00,1397.113833,,
,,,,,,950.00,1397.7437,,
,,,,,,951.00,1398.373567,,
,,,,,,952.00,1399.003433,,
,,,,,,953.00,1399.6333,,
,,,,,,954.00,1400.263167,,
,,,,,,955.00,1400.893034,,
,,,,,,956.00,1401.522901,,
,,,,,,957.00,1402.152768,,
,,,,,,958.00,1402.782635,,
,,,,,,959.00,1403.412502,,
,,,,,,960.00,1404.042369,,
,,,,,,961.00,1404.672236,,
,,,,,,962.00,1405.302103,,
,,,,,,963.00,1405.93197,,
,,,,,,964.00,1406.561836,,
,,,,,,965.00,1407.191703,,
,,,,,,966.00,1407.82157,,
,,,,,,967.00,1408.451437,,
,,,,,,968.00,1409.081304,,
,,,,,,969.00,1409.711171,,
,,,,,,970.00,1410.341038,,
,,,,,,971.00,1410.970905,,
,,,,,,972.00,1411.600772,,
,,,,,,973.00,1412.230639,,
,,,,,,974.00,1412.860506,,
,,,,,,975.00,1413.490372,,
,,,,,,976.00,1414.120239,,
,,,,,,977.00,1414.750106,,
,,,,,,978.00,1415.379973,,
,,,,,,979.00,1416.00984,,
,,,,,,980.00,1416.639707,,
,,,,,,981.00,1417.269574,,
,,,,,,982.00,1417.899441,,
,,,,,,983.00,1418.529308,,
,,,,,,984.00,1419.159175,,
,,,,,,985.00,1419.789042,,
,,,,,,986.00,1420.418908,,
,,,,,,987.00,1421.048775,,
,,,,,,988.00,1421.678642,,
,,,,,,989.00,1422.308509,,
,,,,,,990.00,1422.938376,,
,,,,,,991.00,1423.568243,,
,,,,,,992.00,1424.19811,,
,,,,,,993.00,1424.827977,,
,,,,,,994.00,1425.457844,,
,,,,,,995.00,1426.087711,,
,,,,,,996.00,1426.717578,,
,,,,,,997.00,1427.347445,,
,,,,,,998.00,1427.977311,,
,,,,,,999.00,1428.607178,,
,,,,,,1000.00,1429.237045,,
,,,,,,1001.00,1429.866912,,
,,,,,,1002.00,1430.496779,,
,,,,,,1003.00,1431.126646,,
,,,,,,1004.00,1431.756513,,
,,,,,,1005.00,1432.38638,,
,,,,,,1006.00,1433.016247,,
,,,,,,1007.00,1433.646114,,
,,,,,,1008.00,1434.275981,,
,,,,,,1009.00,1434.905847,,
,,,,,,1010.00,1435.535714,,
,,,,,,1011.00,1436.165581,,
,,,,,,1012.00,1436.795448,,
,,,,,,1013.00,1437.425315,,
,,,,,,1014.00,1438.055182,,
,,,,,,1015.00,1438.685049,,
,,,,,,1016.00,1439.314916,,
,,,,,,1017.00,1439.944783,,
,,,,,,1018.00,1440.57465,,
,,,,,,1019.00,1441.204517,,
,,,,,,1020.00,1441.834384,,
,,,,,,1021.00,1442.46425,,
,,,,,,1022.00,1443.094117,,
,,,,,,1023.00,1443.723984,,
,,,,,,1024.00,1444.353851,,
,,,,,,1025.00,1444.983718,,
,,,,,,1026.00,1445.613585,,
,,,,,,1027.00,1446.243452,,
,,,,,,1028.00,1446.873319,,
,,,,,,1029.00,1447.503186,,
,,,,,,1030.00,1448.133053,,
,,,,,,1031.00,1448.76292,,
,,,,,,1032.00,1449.392786,,
,,,,,,1033.00,1450.022653,,
,,,,,,1034.00,1450.65252,,
,,,,,,1035.00,1451.282387,,
,,,,,,1036.00,1451.912254,,
,,,,,,1037.00,1452.542121,,
,,,,,,1038.00,1453.171988,,
,,,,,,1039.00,1453.801855,,
,,,,,,1040.00,1454.431722,,
,,,,,,1041.00,1455.061589,,
,,,,,,1042.00,1455.691456,,
,,,,,,1043.00,1456.321322,,
,,,,,,1044.00,1456.951189,,
,,,,,,1045.00,1457.581056,,
,,,,,,1046.00,1458.210923,,
,,,,,,1047.00,1458.84079,,
,,,,,,1048.00,1459.470657,,
,,,,,,1049.00,1460.100524,,
,,,,,,1050.00,1460.730391,,
,,,,,,1051.00,1461.360258,,
,,,,,,1052.00,1461.990125,,
,,,,,,1053.00,1462.619992,,
,,,,,,1054.00,1463.249859,,
,,,,,,1055.00,1463.879725,,
,,,,,,1056.00,1464.509592,,
,,,,,,1057.00,1465.139459,,
,,,,,,1058.00,1465.769326,,
,,,,,,1059.00,1466.399193,,
,,,,,,1060.00,1467.02906,,
,,,,,,1061.00,1467.658927,,
,,,,,,1062.00,1468.288794,,
,,,,,,1063.00,1468.918661,,
,,,,,,1064.00,1469.548528,,
,,,,,,1065.00,1470.178395,,
,,,,,,1066.00,1470.808261,,
,,,,,,1067.00,1471.438128,,
,,,,,,1068.00,1472.067995,,
,,,,,,1069.00,1472.697862,,
,,,,,,1070.00,1473.327729,,
,,,,,,1071.00,1473.957596,,
,,,,,,1072.00,1474.587463,,
,,,,,,1073.00,1475.21733,,
,,,,,,1074.00,1475.847197,,
,,,,,,1075.00,1476.477064,,
,,,,,,1076.00,1477.106931,,
,,,,,,1077.00,1477.736798,,
,,,,,,1078.00,1478.366664,,
,,,,,,1079.00,1478.996531,,
,,,,,,1080.00,1479.626398,,
,,,,,,1081.00,1480.256265,,
,,,,,,1082.00,1480.886132,,
,,,,,,1083.00,1481.515999,,
,,,,,,1084.00,1482.145866,,
,,,,,,1085.00,1482.775733,,
,,,,,,1086.00,1483.4056,,
,,,,,,1087.00,1484.035467,,
,,,,,,1088.00,1484.665334,,
,,,,,,1089.00,1485.2952,,
,,,,,,1090.00,1485.925067,,
,,,,,,1091.00,1486.554934,,
,,,,,,1092.00,1487.184801,,
,,,,,,1093.00,1487.814668,,
,,,,,,1094.00,1488.444535,,
,,,,,,1095.00,1489.074402,,
,,,,,,1096.00,1489.704269,,
,,,,,,1097.00,1490.334136,,
,,,,,,1098.00,1490.964003,,
,,,,,,1099.00,1491.59387,,
,,,,,,1100.00,1492.223736,,
,,,,,,1101.00,1492.853603,,
,,,,,,1102.00,1493.48347,,
,,,,,,1103.00,1494.113337,,
,,,,,,1104.00,1494.743204,,
,,,,,,1105.00,1495.373071,,
,,,,,,1106.00,1496.002938,,
,,,,,,1107.00,1496.632805,,
,,,,,,1108.00,1497.262672,,
,,,,,,1109.00,1497.892539,,
,,,,,,1110.00,1498.522406,,
,,,,,,1111.00,1499.152273,,
,,,,,,1112.00,1499.782139,,
,,,,,,1113.00,1500.412006,,
,,,,,,1114.00,1501.041873,,
,,,,,,1115.00,1501.67174,,
,,,,,,1116.00,1502.301607,,
,,,,,,1117.00,1502.931474,,
,,,,,,1118.00,1503.561341,,
,,,,,,1119.00,1504.191208,,
,,,,,,1120.00,1504.821075,,
,,,,,,1121.00,1505.450942,,
,,,,,,1122.00,1506.080809,,
,,,,,,1123.00,1506.710675,,
,,,,,,1124.00,1507.340542,,
,,,,,,1125.00,1507.970409,,
,,,,,,1126.00,1508.600276,,
,,,,,,1127.00,1509.230143,,
,,,,,,1128.00,1509.86001,,
,,,,,,1129.00,1510.489877,,
,,,,,,1130.00,1511.119744,,
,,,,,,1131.00,1511.749611,,
,,,,,,1132.00,1512.379478,,
,,,,,,1133.00,1513.009345,,
,,,,,,1134.00,1513.639211,,
,,,,,,1135.00,1514.269078,,
,,,,,,1136.00,1514.898945,,
,,,,,,1137.00,1515.528812,,
,,,,,,1138.00,1516.158679,,
,,,,,,1139.00,1516.788546,,
,,,,,,1140.00,1517.418413,,
,,,,,,1141.00,1518.04828,,
,,,,,,1142.00,1518.678147,,
,,,,,,1143.00,1519.308014,,
,,,,,,1144.00,1519.937881,,
,,,,,,1145.00,1520.567748,,
,,,,,,1146.00,1521.197614,,
,,,,,,1147.00,1521.827481,,
,,,,,,1148.00,1522.457348,,
,,,,,,1149.00,1523.087215,,
,,,,,,1150.00,1523.717082,,
,,,,,,1151.00,1524.346949,,
,,,,,,1152.00,1524.976816,,
,,,,,,1153.00,1525.606683,,
,,,,,,1154.00,1526.23655,,
,,,,,,1155.00,1526.866417,,
,,,,,,1156.00,1527.496284,,
,,,,,,1157.00,1528.12615,,
,,,,,,1158.00,1528.756017,,
,,,,,,1159.00,1529.385884,,
,,,,,,1160.00,1530.015751,,
,,,,,,1161.00,1530.645618,,
,,,,,,1162.00,1531.275485,,
,,,,,,1163.00,1531.905352,,
,,,,,,1164.00,1532.535219,,
,,,,,,1165.00,1533.165086,,
,,,,,,1166.00,1533.794953,,
,,,,,,1167.00,1534.42482,,
,,,,,,1168.00,1535.054687,,
,,,,,,1169.00,1535.684553,,
,,,,,,1170.00,1536.31442,,
,,,,,,1171.00,1536.944287,,
,,,,,,1172.00,1537.574154,,
,,,,,,1173.00,1538.204021,,
,,,,,,1174.00,1538.833888,,
,,,,,,1175.00,1539.463755,,
,,,,,,1176.00,1540.093622,,
,,,,,,1177.00,1540.723489,,
,,,,,,1178.00,1541.353356,,
,,,,,,1179.00,1541.983223,,
,,,,,,1180.00,1542.613089,,
,,,,,,1181.00,1543.242956,,
,,,,,,1182.00,1543.872823,,
,,,,,,1183.00,1544.50269,,
,,,,,,1184.00,1545.132557,,
,,,,,,1185.00,1545.762424,,
,,,,,,1186.00,1546.392291,,
,,,,,,1187.00,1547.022158,,
,,,,,,1188.00,1547.652025,,
,,,,,,1189.00,1548.281892,,
,,,,,,1190.00,1548.911759,,
,,,,,,1191.00,1549.541625,,
,,,,,,1192.00,1550.171492,,
,,,,,,1193.00,1550.801359,,
,,,,,,1194.00,1551.431226,,
,,,,,,1195.00,1552.061093,,
,,,,,,1196.00,1552.69096,,
,,,,,,1197.00,1553.320827,,
,,,,,,1198.00,1553.950694,,
,,,,,,1199.00,1554.580561,,
,,,,,,1200.00,1555.210428,,
,,,,,,1201.00,1555.840295,,
,,,,,,1202.00,1556.470162,,
,,,,,,1203.00,1557.100028,,
,,,,,,1204.00,1557.729895,,
,,,,,,1205.00,1558.359762,,
,,,,,,1206.00,1558.989629,,
,,,,,,1207.00,1559.619496,,
,,,,,,1208.00,1560.249363,,
,,,,,,1209.00,1560.87923,,
,,,,,,1210.00,1561.509097,,
,,,,,,1211.00,1562.138964,,
,,,,,,1212.00,1562.768831,,
,,,,,,1213.00,1563.398698,,
,,,,,,1214.00,1564.028564,,
,,,,,,1215.00,1564.658431,,
,,,,,,1216.00,1565.288298,,
,,,,,,1217.00,1565.918165,,
,,,,,,1218.00,1566.548032,,
,,,,,,1219.00,1567.177899,,
,,,,,,1220.00,1567.807766,,
,,,,,,1221.00,1568.437633,,
,,,,,,1222.00,1569.0675,,
,,,,,,1223.00,1569.697367,,
,,,,,,1224.00,1570.327234,,
,,,,,,1225.00,1570.957101,,
,,,,,,1226.00,1571.586967,,
,,,,,,1227.00,1572.216834,,
,,,,,,1228.00,1572.846701,,
,,,,,,1229.00,1573.476568,,
,,,,,,1230.00,1574.106435,,
,,,,,,1231.00,1574.736302,,
,,,,,,1232.00,1575.366169,,
,,,,,,1233.00,1575.996036,,
,,,,,,1234.00,1576.625903,,
,,,,,,1235.00,1577.25577,,
,,,,,,1236.00,1577.885637,,
,,,,,,1237.00,1578.515503,,
,,,,,,1238.00,1579.14537,,
,,,,,,1239.00,1579.775237,,
,,,,,,1240.00,1580.405104,,
,,,,,,1241.00,1581.034971,,
,,,,,,1242.00,1581.664838,,
,,,,,,1243.00,1582.294705,,
,,,,,,1244.00,1582.924572,,
,,,,,,1245.00,1583.554439,,
,,,,,,1246.00,1584.184306,,
,,,,,,1247.00,1584.814173,,
,,,,,,1248.00,1585.444039,,
,,,,,,1249.00,1586.073906,,
,,,,,,1250.00,1586.703773,,
,,,,,,1251.00,1587.33364,,
,,,,,,1252.00,1587.963507,,
,,,,,,1253.00,1588.593374,,
,,,,,,1254.00,1589.223241,,
,,,,,,1255.00,1589.853108,,
,,,,,,1256.00,1590.482975,,
,,,,,,1257.00,1591.112842,,
,,,,,,1258.00,1591.742709,,
,,,,,,1259.00,1592.372576,,
,,,,,,1260.00,1593.002442,,
,,,,,,1261.00,1593.632309,,
,,,,,,1262.00,1594.262176,,
,,,,,,1263.00,1594.892043,,
,,,,,,1264.00,1595.52191,,
,,,,,,1265.00,1596.151777,,
,,,,,,1266.00,1596.781644,,
,,,,,,1267.00,1597.411511,,
,,,,,,1268.00,1598.041378,,
,,,,,,1269.00,1598.671245,,
,,,,,,1270.00,1599.301112,,
,,,,,,1271.00,1599.930978,,
,,,,,,1272.00,1600.560845,,
,,,,,,1273.00,1601.190712,,
,,,,,,1274.00,1601.820579,,
,,,,,,1275.00,1602.450446,,
,,,,,,1276.00,1603.080313,,
,,,,,,1277.00,1603.71018,,
,,,,,,1278.00,1604.340047,,
,,,,,,1279.00,1604.969914,,
,,,,,,1280.00,1605.599781,,
,,,,,,1281.00,1606.229648,,
,,,,,,1282.00,1606.859514,,
,,,,,,1283.00,1607.489381,,
,,,,,,1284.00,1608.119248,,
,,,,,,1285.00,1608.749115,,
,,,,,,1286.00,1609.378982,,
,,,,,,1287.00,1610.008849,,
,,,,,,1288.00,1610.638716,,
,,,,,,1289.00,1611.268583,,
,,,,,,1290.00,1611.89845,,
,,,,,,1291.00,1612.528317,,
,,,,,,1292.00,1613.158184,,
,,,,,,1293.00,1613.788051,,
,,,,,,1294.00,1614.417917,,
,,,,,,1295.00,1615.047784,,
,,,,,,1296.00,1615.677651,,
,,,,,,1297.00,1616.307518,,
,,,,,,1298.00,1616.937385,,
,,,,,,1299.00,1617.567252,,
,,,,,,1300.00,1550.098559,,
,,,,,,1301.00,1562.035079,,
,,,,,,1302.00,1562.15875,,
,,,,,,1303.00,1562.28242,,
,,,,,,1304.00,1562.406091,,
,,,,,,1305.00,1562.529761,,
,,,,,,1306.00,1562.653432,,
,,,,,,1307.00,1562.777103,,
,,,,,,1308.00,1562.900773,,
,,,,,,1309.00,1563.024444,,
,,,,,,1310.00,1563.148114,,
,,,,,,1311.00,1532.388382,,
,,,,,,1312.00,1543.11443,,
,,,,,,1313.00,1542.923167,,
,,,,,,1314.00,1558.016138,,
,,,,,,1315.00,1581.842958,,
,,,,,,1316.00,1581.651695,,
,,,,,,1317.00,1548.708501,,
,,,,,,1318.00,1548.517238,,
,,,,,,1319.00,1563.61021,,
,,,,,,1320.00,1541.584326,,
,,,,,,1321.00,1550.126912,,
,,,,,,1322.00,1508.449869,,
,,,,,,1323.00,1484.240524,,
,,,,,,1324.00,1501.516957,,
,,,,,,1325.00,1525.343777,,
,,,,,,1326.00,1531.702901,,
,,,,,,1327.00,1511.860479,,
,,,,,,1328.00,1492.018057,,
,,,,,,1329.00,1450.341015,,
,,,,,,1330.00,1454.516676,,
,,,,,,1331.00,1506.728503,,
,,,,,,1332.00,1526.188399,,
,,,,,,1333.00,1491.061743,,
,,,,,,1334.00,1482.136632,,
,,,,,,1335.00,1477.578445,,
,,,,,,1336.00,1497.03834,,
,,,,,,1337.00,1516.498236,,
,,,,,,1338.00,1503.206201,,
,,,,,,1339.00,1470.263007,,
,,,,,,1340.00,1496.273289,,
,,,,,,1341.00,1537.567805,,
,,,,,,1342.00,1506.808073,,
,,,,,,1343.00,1441.112948,,
,,,,,,1344.00,1440.921685,,
,,,,,,1345.00,1458.198119,,
,,,,,,1346.00,1423.071463,,
,,,,,,1347.00,1440.347896,,
,,,,,,1348.00,1447.844804,,
,,,,,,1349.00,1492.36846,,
,,,,,,1350.00,1588.249529,,
,,,,,,1351.00,1520.370942,,
,,,,,,1352.00,1456.859278,,
,,,,,,1353.00,1491.603409,,
,,,,,,1354.00,1532.897925,,
,,,,,,1355.00,1550.174359,,
,,,,,,1356.00,1569.634255,,
,,,,,,1357.00,1575.993378,,
,,,,,,1358.00,1602.00366,,
,,,,,,1359.00,1536.308535,,
,,,,,,1360.00,1560.135355,,
,,,,,,1361.00,1649.466037,,
,,,,,,1362.00,1662.375547,,
,,,,,,1363.00,1614.148118,,
,,,,,,1364.00,1644.525325,,
,,,,,,1365.00,1670.535607,,
,,,,,,1366.00,1611.390868,,
,,,,,,1367.00,1637.40115,,
,,,,,,1368.00,1514.93601,,
,,,,,,1369.00,1523.478596,,
,,,,,,1370.00,1335.509594,,
,,,,,,1371.00,1376.80411,,
,,,,,,1372.00,1418.098627,,
,,,,,,1373.00,1444.108909,,
,,,,,,1374.00,1328.194156,,
,,,,,,1375.00,1548.532563,,
,,,,,,1376.00,1465.369741,,
,,,,,,1377.00,1491.380023,,
,,,,,,1378.00,1434.418746,,
,,,,,,1379.00,1412.392862,,
,,,,,,1380.00,1575.961256,,
,,,,,,1381.00,1532.100751,,
,,,,,,1382.00,1545.010261,,
,,,,,,1383.00,1492.415908,,
,,,,,,1384.00,1487.857721,,
,,,,,,1385.00,1505.134155,,
,,,,,,1386.00,1498.392505,,
,,,,,,1387.00,1568.072029,,
,,,,,,1388.00,1482.725745,,
,,,,,,1389.00,1449.782551,,
,,,,,,1390.00,1467.058985,,
,,,,,,1391.00,1473.418108,,
,,,,,,1392.00,1442.658376,,
,,,,,,1393.00,1505.787513,,
,,,,,,1394.00,1597.301658,,
,,,,,,1395.00,1570.90885,,
,,,,,,1396.00,1544.516042,,
,,,,,,1397.00,1537.774393,,
,,,,,,1398.00,1520.115433,,
,,,,,,1399.00,1530.841481,,
,,,,,,1400.00,1678.251756,,
,,,,,,1401.00,1619.9809,,
,,,,,,1402.00,1593.588092,,
,,,,,,1403.00,1678.551851,,
,,,,,,1404.00,1654.342505,,
,,,,,,1405.00,1566.812759,,
,,,,,,1406.00,1584.089193,,
,,,,,,1407.00,1555.512923,,
,,,,,,1408.00,1544.404349,,
,,,,,,1409.00,1550.763473,,
,,,,,,1410.00,1626.993382,,
,,,,,,1411.00,1539.463636,,
,,,,,,1412.00,1489.052746,,
,,,,,,1413.00,1781.445401,,
,,,,,,1414.00,1704.832966,,
,,,,,,1415.00,1617.30322,,
,,,,,,1416.00,1542.874246,,
,,,,,,1417.00,1571.06799,,
,,,,,,1418.00,1660.398673,,
,,,,,,1419.00,1623.088554,,
,,,,,,1420.00,1563.943815,,
,,,,,,1421.00,1635.806801,,
,,,,,,1422.00,1738.238256,,
,,,,,,1423.00,1707.478524,,
,,,,,,1424.00,1753.139965,,
,,,,,,1425.00,1672.160605,,
,,,,,,1426.00,1650.134721,,
,,,,,,1427.00,1663.044231,,
,,,,,,1428.00,1765.475685,,
,,,,,,1429.00,1760.917498,,
,,,,,,1430.00,1703.956221,,
,,,,,,1431.00,1583.674544,,
,,,,,,1432.00,1537.630577,,
,,,,,,1433.00,1653.162805,,
,,,,,,1434.00,1672.622701,,
,,,,,,1435.00,1657.147203,,
,,,,,,1436.00,1604.55285,,
,,,,,,1437.00,1661.131601,,
,,,,,,1438.00,1658.756876,,
,,,,,,1439.00,1573.410592,,
,,,,,,1440.00,1573.219329,,
,,,,,,1441.00,1568.661142,,
,,,,,,1442.00,1505.149479,,
,,,,,,1443.00,1659.984024,,
,,,,,,1444.00,1609.573133,,
,,,,,,1445.00,1659.601498,,
,,,,,,1446.00,1633.20869,,
,,,,,,1447.00,1750.92438,,
,,,,,,1448.00,1715.797724,,
,,,,,,1449.00,1717.789923,,
,,,,,,1450.00,1748.870612,,
,,,,,,1451.00,1636.6193,,
,,,,,,1452.00,1669.179968,,
,,,,,,1453.00,1668.988705,,
,,,,,,1454.00,1646.962822,,
,,,,,,1455.00,1598.735393,,
,,,,,,1456.00,1554.874888,,
,,,,,,1457.00,1548.133239,,
,,,,,,1458.00,1665.848929,,
,,,,,,1459.00,1715.877294,,
,,,,,,1460.00,1763.722196,,
,,,,,,1461.00,1763.530934,,
,,,,,,1462.00,1717.486967,,
,,,,,,1463.00,1675.809925,,
,,,,,,1464.00,1562.078633,,
,,,,,,1465.00,1555.336984,,
,,,,,,1466.00,1555.145721,,
,,,,,,1467.00,1570.238693,,
,,,,,,1468.00,1613.716672,,
,,,,,,1469.00,1626.626181,,
,,,,,,1470.00,1683.204933,,
,,,,,,1471.00,1667.729435,,
,,,,,,1472.00,1615.135082,,
,,,,,,1473.00,1538.522646,,
,,,,,,1474.00,1518.680225,,
,,,,,,1475.00,1529.406272,,
,,,,,,1476.00,1503.013464,,
,,,,,,1477.00,1518.106436,,
,,,,,,1478.00,1561.584415,,
,,,,,,1479.00,1541.741993,,
,,,,,,1480.00,1552.468041,,
,,,,,,1481.00,1550.093316,,
,,,,,,1482.00,1480.031266,,
,,,,,,1483.00,1449.271534,,
,,,,,,1484.00,1497.116437,,
,,,,,,1485.00,1553.695188,,
,,,,,,1486.00,1518.568532,,
,,,,,,1487.00,1509.643421,,
,,,,,,1488.00,1518.186006,,
,,,,,,1489.00,1542.012826,,
,,,,,,1490.00,1511.253094,,
,,,,,,1491.00,1532.896452,,
,,,,,,1492.00,1563.273658,,
,,,,,,1493.00,1543.431237,,
,,,,,,1494.00,1488.653422,,
,,,,,,1495.00,1488.462159,,
,,,,,,1496.00,1420.583571,,
,,,,,,1497.00,1437.860005,,
,,,,,,1498.00,1481.337984,,
,,,,,,1499.00,1492.064031,,
,,,,,,1500.00,1470.078652,,
,,,,,,1501.00,1452.379188,,
,,,,,,1502.00,1441.270615,,
,,,,,,1503.00,1447.629738,,
,,,,,,1504.00,1405.952696,,
,,,,,,1505.00,1462.531447,,
,,,,,,1506.00,1534.394433,,
,,,,,,1507.00,1527.652783,,
,,,,,,1508.00,1560.213452,,
,,,,,,1509.00,1564.389113,,
,,,,,,1510.00,1586.032471,,
,,,,,,1511.00,1529.071194,,
,,,,,,1512.00,1544.164166,,
,,,,,,1513.00,1567.990986,,
,,,,,,1514.00,1543.78164,,
,,,,,,1515.00,1521.755756,,
,,,,,,1516.00,1534.665266,,
,,,,,,1517.00,1586.877093,,
,,,,,,1518.00,1593.236216,,
,,,,,,1519.00,1566.843408,,
,,,,,,1520.00,1531.716752,,
,,,,,,1521.00,1468.205089,,
,,,,,,1522.00,1459.279977,,
,,,,,,1523.00,1472.189487,,
,,,,,,1524.00,1565.887094,,
,,,,,,1525.00,1561.328906,,
,,,,,,1526.00,1480.349547,,
,,,,,,1527.00,1416.837883,,
,,,,,,1528.00,1407.912772,,
,,,,,,1529.00,1449.207289,,
,,,,,,1530.00,1409.713708,,
,,,,,,1531.00,1431.357066,,
,,,,,,1532.00,1428.982341,,
,,,,,,1533.00,1420.05723,,
,,,,,,1534.00,1522.488685,,
,,,,,,1535.00,1550.682429,,
,,,,,,1536.00,1526.473083,,
,,,,,,1537.00,1541.566055,,
,,,,,,1538.00,1464.953619,,
,,,,,,1539.00,1401.441956,,
,,,,,,1540.00,1431.819162,,
,,,,,,1541.00,1512.415996,,
,,,,,,1542.00,1520.958582,,
,,,,,,1543.00,1483.648463,,
,,,,,,1544.00,1490.007587,,
,,,,,,1545.00,1474.532089,,
,,,,,,1546.00,1522.376992,,
,,,,,,1547.00,1432.663784,,
,,,,,,1548.00,1434.655983,,
,,,,,,1549.00,1471.583576,,
,,,,,,1550.00,1423.356147,,
,,,,,,1551.00,1449.366429,,
,,,,,,1552.00,1508.128642,,
,,,,,,1553.00,1475.185448,,
,,,,,,1554.00,1392.022626,,
,,,,,,1555.00,1378.730591,,
,,,,,,1556.00,1409.107797,,
,,,,,,1557.00,1387.081913,,
,,,,,,1558.00,1402.174885,,
,,,,,,1559.00,1388.882849,,
,,,,,,1560.00,1419.260056,,
,,,,,,1561.00,1423.435717,,
,,,,,,1562.00,1375.208288,,
,,,,,,1563.00,1451.438198,,
,,,,,,1564.00,1414.12808,,
,,,,,,1565.00,1422.670665,,
,,,,,,1566.00,1433.396713,,
,,,,,,1567.00,1479.058154,,
,,,,,,1568.00,1437.381111,,
,,,,,,1569.00,1389.153682,,
,,,,,,1570.00,1399.959797,,
,,,,,,1571.00,1414.972702,,
,,,,,,1572.00,1423.515287,,
,,,,,,1573.00,1449.525569,,
,,,,,,1574.00,1444.967382,,
,,,,,,1575.00,1422.941498,,
,,,,,,1576.00,1446.768318,,
,,,,,,1577.00,1435.659745,,
,,,,,,1578.00,1422.36771,,
,,,,,,1579.00,1393.79144,,
,,,,,,1580.00,1397.967101,,
,,,,,,1581.00,1415.243535,,
,,,,,,1582.00,1417.235734,,
,,,,,,1583.00,1430.145243,,
,,,,,,1584.00,1416.853208,,
,,,,,,1585.00,1403.561173,,
,,,,,,1586.00,1407.736834,,
,,,,,,1587.00,1418.462881,,
,,,,,,1588.00,1420.455081,,
,,,,,,1589.00,1402.796121,,
,,,,,,1590.00,1378.586775,,
,,,,,,1591.00,1358.744354,,
,,,,,,1592.00,1365.103477,,
,,,,,,1593.00,1397.664145,,
,,,,,,1594.00,1380.005186,,
,,,,,,1595.00,1377.630461,,
,,,,,,1596.00,1342.503804,,
,,,,,,1597.00,1357.596776,,
,,,,,,1598.00,1377.056672,,
,,,,,,1599.00,1405.250416,,
,,,,,,1600.00,1305.423631,,
,,,,,,1601.00,1350.281338,,
,,,,,,1602.00,1354.456999,,
,,,,,,1603.00,1384.834206,,
,,,,,,1604.00,1362.808322,,
,,,,,,1605.00,1369.167445,,
,,,,,,1606.00,1347.141562,,
,,,,,,1607.00,1351.317223,,
,,,,,,1608.00,1372.960581,,
,,,,,,1609.00,1403.337787,,
,,,,,,1610.00,1422.797683,,
,,,,,,1611.00,1413.872572,,
,,,,,,1612.00,1402.763998,,
,,,,,,1613.00,1398.205811,,
,,,,,,1614.00,1406.748397,,
,,,,,,1615.00,1393.456361,,
,,,,,,1616.00,1419.466643,,
,,,,,,1617.00,1406.174608,,
,,,,,,1618.00,1381.965262,,
,,,,,,1619.00,1388.324385,,
,,,,,,1620.00,1407.784281,,
,,,,,,1621.00,1438.161487,,
,,,,,,1622.00,1427.052914,,
,,,,,,1623.00,1424.678189,,
,,,,,,1624.00,1431.037312,,
,,,,,,1625.00,1454.864132,,
,,,,,,1626.00,1441.572097,,
,,,,,,1627.00,1412.995827,,
,,,,,,1628.00,1384.419557,,
,,,,,,1629.00,1373.310984,,
,,,,,,1630.00,1416.788963,,
,,,,,,1631.00,1458.083479,,
,,,,,,1632.00,1501.561458,,
,,,,,,1633.00,1499.186733,,
,,,,,,1634.00,1512.096242,,
,,,,,,1635.00,1426.749958,,
,,,,,,1636.00,1444.026392,,
,,,,,,1637.00,1472.220136,,
,,,,,,1638.00,1506.964267,,
,,,,,,1639.00,1506.773004,,
,,,,,,1640.00,1524.049437,,
,,,,,,1641.00,1541.325871,,
,,,,,,1642.00,1488.731518,,
,,,,,,1643.00,1442.687552,,
,,,,,,1644.00,1444.679751,,
,,,,,,1645.00,1470.690033,,
,,,,,,1646.00,1479.232618,,
,,,,,,1647.00,1441.9225,,
,,,,,,1648.00,1408.979306,,
,,,,,,1649.00,1393.503809,,
,,,,,,1650.00,1336.391328,,
,,,,,,1651.00,1458.625145,,
,,,,,,1652.00,1464.984268,,
,,,,,,1653.00,1456.059157,,
,,,,,,1654.00,1464.601743,,
,,,,,,1655.00,1466.593942,,
,,,,,,1656.00,1444.568058,,
,,,,,,1657.00,1422.542174,,
,,,,,,1658.00,1415.800525,,
,,,,,,1659.00,1415.609262,,
,,,,,,1660.00,1428.518772,,
,,,,,,1661.00,1443.611744,,
,,,,,,1662.00,1449.970867,,
,,,,,,1663.00,1447.596142,,
,,,,,,1664.00,1445.221417,,
,,,,,,1665.00,1453.764002,,
,,,,,,1666.00,1475.40736,,
,,,,,,1667.00,1477.399559,,
,,,,,,1668.00,1468.474448,,
,,,,,,1669.00,1442.08164,,
,,,,,,1670.00,1430.973067,,
,,,,,,1671.00,1441.699115,,
,,,,,,1672.00,1448.058238,,
,,,,,,1673.00,1452.233899,,
,,,,,,1674.00,1445.49225,,
,,,,,,1675.00,1403.815208,,
,,,,,,1676.00,1410.174331,,
,,,,,,1677.00,1383.781523,,
,,,,,,1678.00,1383.59026,,
,,,,,,1679.00,1398.683232,,
,,,,,,1680.00,1400.675431,,
,,,,,,1681.00,1420.135327,,
,,,,,,1682.00,1428.677912,,
,,,,,,1683.00,1435.037035,,
,,,,,,1684.00,1410.82769,,
,,,,,,1685.00,1377.884496,,
,,,,,,1686.00,1397.344391,,
,,,,,,1687.00,1434.271984,,
,,,,,,1688.00,1427.530335,,
,,,,,,1689.00,1425.15561,,
,,,,,,1690.00,1381.295105,,
,,,,,,1691.00,1383.287304,,
,,,,,,1692.00,1400.563738,,
,,,,,,1693.00,1391.638627,,
,,,,,,1694.00,1365.245819,,
,,,,,,1695.00,1356.320708,,
,,,,,,1696.00,1358.312907,,
,,,,,,1697.00,1366.855492,,
,,,,,,1698.00,1388.49885,,
,,,,,,1699.00,1394.857974,,
,,,,,,1700.00,1415.193645,,
,,,,,,1701.00,1409.759682,,
,,,,,,1702.00,1405.201495,,
,,,,,,1703.00,1413.744081,,
,,,,,,1704.00,1417.919742,,
,,,,,,1705.00,1419.911941,,
,,,,,,1706.00,1410.98683,,
,,,,,,1707.00,1432.630188,,
,,,,,,1708.00,1430.255463,,
,,,,,,1709.00,1388.57842,,
,,,,,,1710.00,1432.056399,,
,,,,,,1711.00,1471.167454,,
,,,,,,1712.00,1479.710039,,
,,,,,,1713.00,1479.518776,,
,,,,,,1714.00,1490.244824,,
,,,,,,1715.00,1474.769326,,
,,,,,,1716.00,1472.394601,,
,,,,,,1717.00,1478.753724,,
,,,,,,1718.00,1472.012075,,
,,,,,,1719.00,1493.655433,,
,,,,,,1720.00,1534.94995,,
,,,,,,1721.00,1523.841377,,
,,,,,,1722.00,1517.099727,,
,,,,,,1723.00,1547.476934,,
,,,,,,1724.00,1566.936829,,
,,,,,,1725.00,1527.443249,,
,,,,,,1726.00,1509.784289,,
,,,,,,1727.00,1527.060723,,
,,,,,,1728.00,1531.236384,,
,,,,,,1729.00,1533.228584,,
,,,,,,1730.00,1517.753086,,
,,,,,,1731.00,1489.176816,,
,,,,,,1732.00,1497.719402,,
,,,,,,1733.00,1445.125049,,
,,,,,,1734.00,1416.548779,,
,,,,,,1735.00,1427.274826,,
,,,,,,1736.00,1444.55126,,
,,,,,,1737.00,1470.561542,,
,,,,,,1738.00,1476.920665,,
,,,,,,1739.00,1478.912865,,
,,,,,,1740.00,1456.886981,,
,,,,,,1741.00,1445.778408,,
,,,,,,1742.00,1465.238303,,
,,,,,,1743.00,1458.496654,,
,,,,,,1744.00,1460.488853,,
,,,,,,1745.00,1455.930666,,
,,,,,,1746.00,1427.354396,,
,,,,,,1747.00,1414.062361,,
,,,,,,1748.00,1420.421484,,
,,,,,,1749.00,1442.064842,,
,,,,,,1750.00,1470.078652,,
,,,,,,1751.00,1432.948468,,
,,,,,,1752.00,1450.224902,,
,,,,,,1753.00,1489.335956,,
,,,,,,1754.00,1489.144694,,
,,,,,,1755.00,1469.302272,,
,,,,,,1756.00,1458.193699,,
,,,,,,1757.00,1458.002436,,
,,,,,,1758.00,1464.361559,,
,,,,,,1759.00,1461.986834,,
,,,,,,1760.00,1477.079806,,
,,,,,,1761.00,1485.622391,,
,,,,,,1762.00,1489.798052,,
,,,,,,1763.00,1474.322555,,
,,,,,,1764.00,1456.663595,,
,,,,,,1765.00,1441.188098,,
,,,,,,1766.00,1412.611828,,
,,,,,,1767.00,1425.521337,,
,,,,,,1768.00,1438.430847,,
,,,,,,1769.00,1446.973432,,
,,,,,,1770.00,1409.663314,,
,,,,,,1771.00,1402.921665,,
,,,,,,1772.00,1380.895781,,
,,,,,,1773.00,1385.071443,,
,,,,,,1774.00,1373.962869,,
,,,,,,1775.00,1365.037758,,
,,,,,,1776.00,1397.598426,,
,,,,,,1777.00,1375.572543,,
,,,,,,1778.00,1357.913583,,
,,,,,,1779.00,1388.290789,,
,,,,,,1780.00,1416.484533,,
,,,,,,1781.00,1396.642112,,
,,,,,,1782.00,1385.533538,,
,,,,,,1783.00,1376.608427,,
,,,,,,1784.00,1374.233702,,
,,,,,,1785.00,1382.776288,,
,,,,,,1786.00,1391.318873,,
,,,,,,1787.00,1371.476451,,
,,,,,,1788.00,1386.569423,,
,,,,,,1789.00,1384.194698,,
,,,,,,1790.00,1349.068042,,
,,,,,,1791.00,1361.977551,,
,,,,,,1792.00,1366.153213,,
,,,,,,1793.00,1344.127329,,
,,,,,,1794.00,1352.669914,,
,,,,,,1795.00,1372.12981,,
,,,,,,1796.00,1374.122009,,
,,,,,,1797.00,1382.664595,,
,,,,,,1798.00,1397.757566,,
,,,,,,1799.00,1375.731683,,
,,,,,,1800.00,1305.423631,,
,,,,,,1801.00,1331.679915,,
,,,,,,1802.00,1353.323273,,
,,,,,,1803.00,1372.783169,,
,,,,,,1804.00,1403.160375,,
,,,,,,1805.00,1378.951029,,
,,,,,,1806.00,1396.227463,,
,,,,,,1807.00,1398.219662,,
,,,,,,1808.00,1439.514179,,
,,,,,,1809.00,1443.68984,,
,,,,,,1810.00,1382.361639,,
,,,,,,1811.00,1358.152293,,
,,,,,,1812.00,1373.245265,,
,,,,,,1813.00,1392.705161,,
,,,,,,1814.00,1401.247746,,
,,,,,,1815.00,1368.304552,,
,,,,,,1816.00,1357.195979,,
,,,,,,1817.00,1363.555102,,
,,,,,,1818.00,1417.950391,,
,,,,,,1819.00,1411.208742,,
,,,,,,1820.00,1445.661342,,
,,,,,,1821.00,1397.725444,,
,,,,,,1822.00,1406.268029,,
,,,,,,1823.00,1412.627153,,
,,,,,,1824.00,1432.087048,,
,,,,,,1825.00,1420.978475,,
,,,,,,1826.00,1442.621833,,
,,,,,,1827.00,1429.329798,,
,,,,,,1828.00,1420.404686,,
,,,,,,1829.00,1418.029961,,
,,,,,,1830.00,1406.921388,,
,,,,,,1831.00,1432.93167,,
,,,,,,1832.00,1439.290793,,
,,,,,,1833.00,1443.466455,,
,,,,,,1834.00,1449.825578,,
,,,,,,1835.00,1471.468936,,
,,,,,,1836.00,1412.324197,,
,,,,,,1837.00,1392.481775,,
,,,,,,1838.00,1403.207823,,
,,,,,,1839.00,1396.466174,,
,,,,,,1840.00,1420.292993,,
,,,,,,1841.00,1435.385965,,
,,,,,,1842.00,1441.745088,,
,,,,,,1843.00,1402.251508,,
,,,,,,1844.00,1402.060245,,
,,,,,,1845.00,1408.419369,,
,,,,,,1846.00,1401.677719,,
,,,,,,1847.00,1384.01876,,
,,,,,,1848.00,1403.478656,,
,,,,,,1849.00,1398.920469,,
,,,,,,1850.00,1417.377107,,
,,,,,,1851.00,1484.754215,,
,,,,,,1852.00,1462.919594,,
,,,,,,1853.00,1432.351125,,
,,,,,,1854.00,1336.278793,,
,,,,,,1855.00,1349.379566,,
,,,,,,1856.00,1353.74649,,
,,,,,,1857.00,1462.919594,,
,,,,,,1858.00,1519.689608,,
,,,,,,1859.00,1471.653442,,
,,,,,,1860.00,1462.919594,,
,,,,,,1861.00,1454.185746,,
,,,,,,1862.00,1497.854987,,
,,,,,,1863.00,1528.423456,,
,,,,,,1864.00,1502.221912,,
,,,,,,1865.00,1580.826546,,
,,,,,,1866.00,1471.653442,,
,,,,,,1867.00,1484.754215,,
,,,,,,1868.00,1493.488063,,
,,,,,,1869.00,1532.790381,,
,,,,,,1870.00,1607.028091,,
,,,,,,1871.00,1598.362473,,
,,,,,,1872.00,1474.342573,,
,,,,,,1873.00,1467.519545,,
,,,,,,1874.00,1543.710021,,
,,,,,,1875.00,1550.533049,,
,,,,,,1876.00,1513.574982,,
,,,,,,1877.00,1522.672353,,
,,,,,,1878.00,1560.767591,,
,,,,,,1879.00,1565.316276,,
,,,,,,1880.00,1589.765458,,
,,,,,,1881.00,1637.526652,,
,,,,,,1882.00,1657.42715,,
,,,,,,1883.00,1672.778962,,
,,,,,,1884.00,1647.761194,,
,,,,,,1885.00,1672.210377,,
,,,,,,1886.00,1708.599858,,
,,,,,,1887.00,1751.812367,,
,,,,,,1888.00,1742.714996,,
,,,,,,1889.00,1689.267946,,
,,,,,,1890.00,1690.973703,,
,,,,,,1891.00,1713.717129,,
,,,,,,1892.00,1715.422886,,
,,,,,,1893.00,1742.146411,,
,,,,,,1894.00,1751.812367,,
,,,,,,1895.00,1766.595593,,
,,,,,,1896.00,1792.750533,,
,,,,,,1897.00,1795.593461,,
,,,,,,1898.00,1788.201848,,
,,,,,,1899.00,1808.102345,,
,,,,,,1900.00,1855.863539,,
,,,,,,1901.00,1885.998579,,
,,,,,,1902.00,1916.702203,,
,,,,,,1903.00,1934.328358,,
,,,,,,1904.00,1967.874911,,
,,,,,,1905.00,2008.244492,,
,,,,,,1906.00,2076.474769,,
,,,,,,1907.00,2112.86425,,
,,,,,,1908.00,2157.782516,,
,,,,,,1909.00,2175.408671,,
,,,,,,1910.00,2177.114428,,
,,,,,,1911.00,2200.426439,,
,,,,,,1912.00,2203.269367,,
,,,,,,1913.00,2306.751955,,
,,,,,,1914.00,2180.525942,,
,,,,,,1915.00,2070.788913,,
,,,,,,1916.00,2241.364606,,
,,,,,,1917.00,2248.756219,,
,,,,,,1918.00,2192.46624,,
,,,,,,1919.00,2104.335466,,
,,,,,,1920.00,2154.371002,,
,,,,,,1921.00,2081.023454,,
,,,,,,1922.00,2233.404407,,
,,,,,,1923.00,2415.351812,,
,,,,,,1924.00,2458.564321,,
,,,,,,1925.00,2604.122246,,
,,,,,,1926.00,2601.847903,,
,,,,,,1927.00,2532.480455,,
,,,,,,1928.00,2668.372424,,
,,,,,,1929.00,2779.81521,,
,,,,,,1930.00,2633.120114,,
,,,,,,1931.00,2580.241649,,
,,,,,,1932.00,2616.63113,,
,,,,,,1933.00,2566.595593,,
,,,,,,1934.00,2539.303483,,
,,,,,,1935.00,2655.294954,,
,,,,,,1936.00,2542.146411,,
,,,,,,1937.00,2774.129353,,
,,,,,,1938.00,2832.125089,,
,,,,,,1939.00,2982.800284,,
,,,,,,1940.00,2899.218195,,
,,,,,,1941.00,2824.16489,,
,,,,,,1942.00,2650.177683,,
,,,,,,1943.00,2235.110163,,
,,,,,,1944.00,1797.867804,,
,,,,,,1945.00,1609.665956,,
,,,,,,1946.00,2163.468372,,
,,,,,,1947.00,2557.498223,,
,,,,,,1948.00,2737.171286,,
,,,,,,1949.00,2949.822317,,
,,,,,,1950.00,3337.872536,,
,,,,,,1951.00,3563.064596,,
,,,,,,1952.00,3809.939339,,
,,,,,,1953.00,4060.256301,,
,,,,,,1954.00,4240.722797,,
,,,,,,1955.00,4456.640005,,
,,,,,,1956.00,4631.264718,,
,,,,,,1957.00,4878.44916,,
,,,,,,1958.00,5109.004336,,
,,,,,,1959.00,5388.329882,,
,,,,,,1960.00,5639.000819,,
,,,,,,1961.00,6074.422154,,
,,,,,,1962.00,6507.090635,,
,,,,,,1963.00,6922.168489,,
,,,,,,1964.00,7136.272845,,
,,,,,,1965.00,7242.28209,,
,,,,,,1966.00,7570.067607,,
,,,,,,1967.00,8057.981362,,
,,,,,,1968.00,8678.621077,,
,,,,,,1969.00,9118.089922,,
,,,,,,1970.00,9263.51998,,
,,,,,,1971.00,9378.294719,,
,,,,,,1972.00,9588.777269,,
,,,,,,1973.00,10135.79409,,
,,,,,,1974.00,10528.64097,,
,,,,,,1975.00,10238.88044,,
,,,,,,1976.00,10851.69855,,
,,,,,,1977.00,11121.64005,,
,,,,,,1978.00,11499.06578,,
,,,,,,1979.00,12123.91924,,
,,,,,,1980.00,12533.18415,,
,,,,,,1981.00,12581.65611,,
,,,,,,1982.00,12631.31849,,
,,,,,,1983.00,12763.95933,,
,,,,,,1984.00,13076.55092,,
,,,,,,1985.00,13435.89698,,
,,,,,,1986.00,13816.78495,,
,,,,,,1987.00,14245.88517,,
,,,,,,1988.00,14795.65769,,
,,,,,,1989.00,15220.98994,,
,,,,,,1990.00,15549.03057,,
,,,,,,1991.00,15835.62283,,
,,,,,,1992.00,15987.15896,,
,,,,,,1993.00,15873.96266,,
,,,,,,1994.00,16252.24666,,
,,,,,,1995.00,16763.57447,,
,,,,,,1996.00,17030.84355,,
,,,,,,1997.00,17393.12072,,
,,,,,,1998.00,17747.09142,,
,,,,,,1999.00,18088.80939,,
,,,,,,2000.00,18823.42385,,
,,,,,,2001.00,19228.67192,,
,,,,,,2002.00,19309.28589,,
,,,,,,2003.00,19308.8965,,
,,,,,,2004.00,19530.84493,,
,,,,,,2005.00,19665.84615,,
,,,,,,2006.00,20039.3508,,
,,,,,,2007.00,20294.79836,,
,,,,,,2008.00,20018.53766,,
,,,,,,2009.00,18911.91759,,
,,,,,,2010.00,19232.67593,,
,,,,,,2011.00,19372.15684,,
,,,,,,2012.00,18742.59966,,
,,,,,,2013.00,18253.89825,,
,,,,,,2014.00,18157.39486,,
,,,,,,2015.00,18316.80214,,
,,,,,,2016.00,18532.84645,,
,,,,,,2017.00,18870.2078,,
,,,,,,2018.00,19064.54951,,
,,,,,,2019.00,18680.5486,,
,,,,,,2020.00,17104.24353,,